-- MySQL dump 10.13  Distrib 8.0.30, for Win64 (x86_64)
--
-- Host: 127.0.0.1    Database: db_inversiones_atlantico
-- ------------------------------------------------------
-- Server version	8.0.30

/*!40101 SET @OLD_CHARACTER_SET_CLIENT=@@CHARACTER_SET_CLIENT */;
/*!40101 SET @OLD_CHARACTER_SET_RESULTS=@@CHARACTER_SET_RESULTS */;
/*!40101 SET @OLD_COLLATION_CONNECTION=@@COLLATION_CONNECTION */;
/*!50503 SET NAMES utf8 */;
/*!40103 SET @OLD_TIME_ZONE=@@TIME_ZONE */;
/*!40103 SET TIME_ZONE='+00:00' */;
/*!40014 SET @OLD_UNIQUE_CHECKS=@@UNIQUE_CHECKS, UNIQUE_CHECKS=0 */;
/*!40014 SET @OLD_FOREIGN_KEY_CHECKS=@@FOREIGN_KEY_CHECKS, FOREIGN_KEY_CHECKS=0 */;
/*!40101 SET @OLD_SQL_MODE=@@SQL_MODE, SQL_MODE='NO_AUTO_VALUE_ON_ZERO' */;
/*!40111 SET @OLD_SQL_NOTES=@@SQL_NOTES, SQL_NOTES=0 */;

--
-- Table structure for table `categoria`
--

DROP TABLE IF EXISTS `categoria`;
/*!40101 SET @saved_cs_client     = @@character_set_client */;
/*!50503 SET character_set_client = utf8mb4 */;
CREATE TABLE `categoria` (
  `idcategoria` bigint NOT NULL AUTO_INCREMENT,
  `nombre` varchar(255) CHARACTER SET utf8mb4 COLLATE utf8mb4_swedish_ci NOT NULL,
  `descripcion` text CHARACTER SET utf8mb4 COLLATE utf8mb4_swedish_ci NOT NULL,
  `portada` varchar(100) CHARACTER SET utf8mb4 COLLATE utf8mb4_swedish_ci NOT NULL,
  `datecreated` datetime NOT NULL DEFAULT CURRENT_TIMESTAMP,
  `ruta` varchar(255) CHARACTER SET utf8mb4 COLLATE utf8mb4_swedish_ci NOT NULL,
  `status` int NOT NULL DEFAULT '1',
  PRIMARY KEY (`idcategoria`)
) ENGINE=InnoDB AUTO_INCREMENT=3 DEFAULT CHARSET=utf8mb4 COLLATE=utf8mb4_swedish_ci;
/*!40101 SET character_set_client = @saved_cs_client */;

--
-- Dumping data for table `categoria`
--

LOCK TABLES `categoria` WRITE;
/*!40000 ALTER TABLE `categoria` DISABLE KEYS */;
INSERT INTO `categoria` VALUES (1,'Hombre','Artículos de moda','img_125e45445bd33723d025d7f815ca29f7.jpg','2021-08-20 03:04:04','hombre',1),(2,'Audio y Videojuegos','Lo mejor en tecnología','img_78678a3fe95890d155115d5301e0761d.jpg','2021-08-21 00:47:10','audio-y-videojuegos',1);
/*!40000 ALTER TABLE `categoria` ENABLE KEYS */;
UNLOCK TABLES;

--
-- Table structure for table `contacto`
--

DROP TABLE IF EXISTS `contacto`;
/*!40101 SET @saved_cs_client     = @@character_set_client */;
/*!50503 SET character_set_client = utf8mb4 */;
CREATE TABLE `contacto` (
  `id` bigint NOT NULL AUTO_INCREMENT,
  `nombre` varchar(200) CHARACTER SET utf8mb4 COLLATE utf8mb4_swedish_ci NOT NULL,
  `email` varchar(200) CHARACTER SET utf8mb4 COLLATE utf8mb4_swedish_ci NOT NULL,
  `mensaje` text CHARACTER SET utf8mb4 COLLATE utf8mb4_swedish_ci NOT NULL,
  `ip` varchar(15) CHARACTER SET utf8mb4 COLLATE utf8mb4_swedish_ci NOT NULL,
  `dispositivo` varchar(25) CHARACTER SET utf8mb4 COLLATE utf8mb4_swedish_ci NOT NULL,
  `useragent` text CHARACTER SET utf8mb4 COLLATE utf8mb4_swedish_ci NOT NULL,
  `datecreated` datetime NOT NULL DEFAULT CURRENT_TIMESTAMP,
  PRIMARY KEY (`id`)
) ENGINE=InnoDB AUTO_INCREMENT=2 DEFAULT CHARSET=utf8mb4 COLLATE=utf8mb4_swedish_ci;
/*!40101 SET character_set_client = @saved_cs_client */;

--
-- Dumping data for table `contacto`
--

LOCK TABLES `contacto` WRITE;
/*!40000 ALTER TABLE `contacto` DISABLE KEYS */;
INSERT INTO `contacto` VALUES (1,'Fernando Herrera','toolsfordeveloper@gmail.com','Mensaje del primer suscriptor!','127.0.0.1','PC','Mozilla/5.0 (Windows NT 10.0; Win64; x64; rv:91.0) Gecko/20100101 Firefox/91.0','2021-08-20 04:06:18');
/*!40000 ALTER TABLE `contacto` ENABLE KEYS */;
UNLOCK TABLES;

--
-- Table structure for table `detalle_pedido`
--

DROP TABLE IF EXISTS `detalle_pedido`;
/*!40101 SET @saved_cs_client     = @@character_set_client */;
/*!50503 SET character_set_client = utf8mb4 */;
CREATE TABLE `detalle_pedido` (
  `id` bigint NOT NULL AUTO_INCREMENT,
  `pedidoid` bigint NOT NULL,
  `productoid` bigint NOT NULL,
  `precio` decimal(11,2) NOT NULL,
  `cantidad` int NOT NULL,
  PRIMARY KEY (`id`),
  KEY `pedidoid` (`pedidoid`),
  KEY `productoid` (`productoid`),
  CONSTRAINT `detalle_pedido_ibfk_1` FOREIGN KEY (`pedidoid`) REFERENCES `pedido` (`idpedido`) ON DELETE CASCADE ON UPDATE CASCADE,
  CONSTRAINT `detalle_pedido_ibfk_2` FOREIGN KEY (`productoid`) REFERENCES `producto` (`idproducto`) ON DELETE CASCADE ON UPDATE CASCADE
) ENGINE=InnoDB AUTO_INCREMENT=4 DEFAULT CHARSET=utf8mb4 COLLATE=utf8mb4_swedish_ci;
/*!40101 SET character_set_client = @saved_cs_client */;

--
-- Dumping data for table `detalle_pedido`
--

LOCK TABLES `detalle_pedido` WRITE;
/*!40000 ALTER TABLE `detalle_pedido` DISABLE KEYS */;
INSERT INTO `detalle_pedido` VALUES (1,1,2,200.00,1),(2,1,1,100.00,2),(3,2,1,100.00,3);
/*!40000 ALTER TABLE `detalle_pedido` ENABLE KEYS */;
UNLOCK TABLES;

--
-- Table structure for table `detalle_temp`
--

DROP TABLE IF EXISTS `detalle_temp`;
/*!40101 SET @saved_cs_client     = @@character_set_client */;
/*!50503 SET character_set_client = utf8mb4 */;
CREATE TABLE `detalle_temp` (
  `id` bigint NOT NULL AUTO_INCREMENT,
  `personaid` bigint NOT NULL,
  `productoid` bigint NOT NULL,
  `precio` decimal(11,2) NOT NULL,
  `cantidad` int NOT NULL,
  `transaccionid` varchar(255) CHARACTER SET utf8mb4 COLLATE utf8mb4_swedish_ci NOT NULL,
  PRIMARY KEY (`id`),
  KEY `productoid` (`productoid`),
  KEY `personaid` (`personaid`),
  CONSTRAINT `detalle_temp_ibfk_1` FOREIGN KEY (`productoid`) REFERENCES `producto` (`idproducto`) ON DELETE CASCADE ON UPDATE CASCADE
) ENGINE=InnoDB DEFAULT CHARSET=utf8mb4 COLLATE=utf8mb4_swedish_ci;
/*!40101 SET character_set_client = @saved_cs_client */;

--
-- Dumping data for table `detalle_temp`
--

LOCK TABLES `detalle_temp` WRITE;
/*!40000 ALTER TABLE `detalle_temp` DISABLE KEYS */;
/*!40000 ALTER TABLE `detalle_temp` ENABLE KEYS */;
UNLOCK TABLES;

--
-- Table structure for table `imagen`
--

DROP TABLE IF EXISTS `imagen`;
/*!40101 SET @saved_cs_client     = @@character_set_client */;
/*!50503 SET character_set_client = utf8mb4 */;
CREATE TABLE `imagen` (
  `id` bigint NOT NULL AUTO_INCREMENT,
  `productoid` bigint NOT NULL,
  `img` varchar(100) CHARACTER SET utf8mb4 COLLATE utf8mb4_swedish_ci NOT NULL,
  PRIMARY KEY (`id`),
  KEY `productoid` (`productoid`),
  CONSTRAINT `imagen_ibfk_1` FOREIGN KEY (`productoid`) REFERENCES `producto` (`idproducto`) ON DELETE CASCADE ON UPDATE CASCADE
) ENGINE=InnoDB AUTO_INCREMENT=16 DEFAULT CHARSET=utf8mb4 COLLATE=utf8mb4_swedish_ci;
/*!40101 SET character_set_client = @saved_cs_client */;

--
-- Dumping data for table `imagen`
--

LOCK TABLES `imagen` WRITE;
/*!40000 ALTER TABLE `imagen` DISABLE KEYS */;
INSERT INTO `imagen` VALUES (1,1,'pro_1018ac4efefe93878b7468ce72c630a3.jpg'),(2,1,'pro_f90affec1052d2bf94047cb224d16568.jpg'),(3,1,'pro_053da6d3ee7d346b6577ccfef6dac02d.jpg'),(4,2,'pro_04e3bbf847b466de4aed691fca982d9d.jpg'),(12,2,'pro_bb8108451aa8a21610931110c19fb369.jpg'),(13,3,'pro_2b1a81cfe27f85486abbf5a7f8860cd9.jpg'),(14,3,'pro_ff9d29decc4d30b32e6f54f470140448.jpg'),(15,3,'pro_05785de7b5aad5b8db5d41c1408eb0cc.jpg');
/*!40000 ALTER TABLE `imagen` ENABLE KEYS */;
UNLOCK TABLES;

--
-- Table structure for table `pedido`
--

DROP TABLE IF EXISTS `pedido`;
/*!40101 SET @saved_cs_client     = @@character_set_client */;
/*!50503 SET character_set_client = utf8mb4 */;
CREATE TABLE `pedido` (
  `idpedido` bigint NOT NULL AUTO_INCREMENT,
  `referenciacobro` varchar(255) CHARACTER SET utf8mb4 COLLATE utf8mb4_swedish_ci DEFAULT NULL,
  `idtransaccionpaypal` varchar(255) CHARACTER SET utf8mb4 COLLATE utf8mb4_swedish_ci DEFAULT NULL,
  `datospaypal` text CHARACTER SET utf8mb4 COLLATE utf8mb4_swedish_ci,
  `personaid` bigint NOT NULL,
  `fecha` datetime NOT NULL DEFAULT CURRENT_TIMESTAMP,
  `costo_envio` decimal(10,2) NOT NULL DEFAULT '0.00',
  `monto` decimal(11,2) NOT NULL,
  `tipopagoid` bigint NOT NULL,
  `direccion_envio` text CHARACTER SET utf8mb4 COLLATE utf8mb4_swedish_ci NOT NULL,
  `status` varchar(100) CHARACTER SET utf8mb4 COLLATE utf8mb4_swedish_ci DEFAULT NULL,
  PRIMARY KEY (`idpedido`),
  KEY `personaid` (`personaid`),
  KEY `tipopagoid` (`tipopagoid`),
  CONSTRAINT `pedido_ibfk_1` FOREIGN KEY (`personaid`) REFERENCES `tbl_ms_usuarios` (`id_usuario`) ON DELETE CASCADE ON UPDATE CASCADE,
  CONSTRAINT `pedido_ibfk_2` FOREIGN KEY (`tipopagoid`) REFERENCES `tipopago` (`idtipopago`) ON DELETE CASCADE ON UPDATE CASCADE
) ENGINE=InnoDB AUTO_INCREMENT=3 DEFAULT CHARSET=utf8mb4 COLLATE=utf8mb4_swedish_ci;
/*!40101 SET character_set_client = @saved_cs_client */;

--
-- Dumping data for table `pedido`
--

LOCK TABLES `pedido` WRITE;
/*!40000 ALTER TABLE `pedido` DISABLE KEYS */;
INSERT INTO `pedido` VALUES (1,'4561654687',NULL,NULL,3,'2021-08-20 03:41:57',50.00,450.00,3,'Antigua Guatemala, Antigua Guatemala','Completo'),(2,NULL,'8XD37465755620710','{\"id\":\"4S6284553D668511R\",\"intent\":\"CAPTURE\",\"status\":\"COMPLETED\",\"purchase_units\":[{\"reference_id\":\"default\",\"amount\":{\"currency_code\":\"USD\",\"value\":\"350.00\"},\"payee\":{\"email_address\":\"sb-6z0da4580133@business.example.com\",\"merchant_id\":\"ULNZF7CTTE748\"},\"description\":\"Compra de artículos en Tienda Virtual por $350 \",\"soft_descriptor\":\"PAYPAL *JOHNDOESTES\",\"shipping\":{\"name\":{\"full_name\":\"John Doe\"},\"address\":{\"address_line_1\":\"Free Trade Zone\",\"admin_area_2\":\"Guatemala City\",\"admin_area_1\":\"Guatemala City\",\"postal_code\":\"01001\",\"country_code\":\"GT\"}},\"payments\":{\"captures\":[{\"id\":\"8XD37465755620710\",\"status\":\"COMPLETED\",\"amount\":{\"currency_code\":\"USD\",\"value\":\"350.00\"},\"final_capture\":true,\"seller_protection\":{\"status\":\"ELIGIBLE\",\"dispute_categories\":[\"ITEM_NOT_RECEIVED\",\"UNAUTHORIZED_TRANSACTION\"]},\"create_time\":\"2021-08-20T09:48:38Z\",\"update_time\":\"2021-08-20T09:48:38Z\"}]}}],\"payer\":{\"name\":{\"given_name\":\"John\",\"surname\":\"Doe\"},\"email_address\":\"sb-iimwo4579006@personal.example.com\",\"payer_id\":\"ZTA3QXTY5JS6Q\",\"address\":{\"country_code\":\"GT\"}},\"create_time\":\"2021-08-20T09:46:25Z\",\"update_time\":\"2021-08-20T09:48:38Z\",\"links\":[{\"href\":\"https://api.sandbox.paypal.com/v2/checkout/orders/4S6284553D668511R\",\"rel\":\"self\",\"method\":\"GET\"}]}',3,'2021-08-20 03:48:39',50.00,350.00,1,'Guatemala, Guatemala','Completo');
/*!40000 ALTER TABLE `pedido` ENABLE KEYS */;
UNLOCK TABLES;

--
-- Table structure for table `post`
--

DROP TABLE IF EXISTS `post`;
/*!40101 SET @saved_cs_client     = @@character_set_client */;
/*!50503 SET character_set_client = utf8mb4 */;
CREATE TABLE `post` (
  `idpost` bigint NOT NULL AUTO_INCREMENT,
  `titulo` varchar(255) CHARACTER SET utf8mb4 COLLATE utf8mb4_swedish_ci NOT NULL,
  `contenido` text CHARACTER SET utf8mb4 COLLATE utf8mb4_swedish_ci NOT NULL,
  `portada` varchar(100) CHARACTER SET utf8mb4 COLLATE utf8mb4_swedish_ci DEFAULT NULL,
  `datecreate` datetime NOT NULL DEFAULT CURRENT_TIMESTAMP,
  `ruta` varchar(255) CHARACTER SET utf8mb4 COLLATE utf8mb4_swedish_ci NOT NULL,
  `status` int NOT NULL DEFAULT '1',
  PRIMARY KEY (`idpost`)
) ENGINE=InnoDB AUTO_INCREMENT=10 DEFAULT CHARSET=utf8mb4 COLLATE=utf8mb4_swedish_ci;
/*!40101 SET character_set_client = @saved_cs_client */;

--
-- Dumping data for table `post`
--

LOCK TABLES `post` WRITE;
/*!40000 ALTER TABLE `post` DISABLE KEYS */;
INSERT INTO `post` VALUES (1,'Inicio','<div class=\"p-t-80\"> <h3 class=\"ltext-103 cl5\">Nuestras marcas</h3> </div> <div> <p>Trabajamos con las mejores marcas del mundo ...</p> </div> <div class=\"row\"> <div class=\"col-md-3\"><img src=\"Assets/images/m1.png\" alt=\"Marca 1\" width=\"110\" height=\"110\" /></div> <div class=\"col-md-3\"><img src=\"Assets/images/m2.png\" alt=\"Marca 2\" /></div> <div class=\"col-md-3\"><img src=\"Assets/images/m3.png\" alt=\"Marca 3\" /></div> <div class=\"col-md-3\"><img src=\"Assets/images/m4.png\" alt=\"Marca 4\" /></div> </div>','','2021-07-20 02:40:15','inicio',1),(2,'Tienda','<p>Contenido p&aacute;gina!</p>','','2021-08-06 01:21:27','tienda',1),(3,'Carrito','<p>Contenido p&aacute;gina!</p>','','2021-08-06 01:21:52','carrito',1),(4,'Nosotros','<section class=\"bg0 p-t-75 p-b-120\"> <div class=\"container\"> <div class=\"row p-b-148\"> <div class=\"col-md-7 col-lg-8\"> <div class=\"p-t-7 p-r-85 p-r-15-lg p-r-0-md\"> <h3 class=\"mtext-111 cl2 p-b-16\">Historia</h3> <p class=\"stext-113 cl6 p-b-26\">Lorem ipsum dolor sit amet, consectetur adipiscing elit. Mauris consequat consequat enim, non auctor massa ultrices non. Morbi sed odio massa. Quisque at vehicula tellus, sed tincidunt augue. Orci varius natoque penatibus et magnis dis parturient montes, nascetur ridiculus mus. Maecenas varius egestas diam, eu sodales metus scelerisque congue. Pellentesque habitant morbi tristique senectus et netus et malesuada fames ac turpis egestas. Maecenas gravida justo eu arcu egestas convallis. Nullam eu erat bibendum, tempus ipsum eget, dictum enim. Donec non neque ut enim dapibus tincidunt vitae nec augue. Suspendisse potenti. Proin ut est diam. Donec condimentum euismod tortor, eget facilisis diam faucibus et. Morbi a tempor elit.</p> <p class=\"stext-113 cl6 p-b-26\">Donec gravida lorem elit, quis condimentum ex semper sit amet. Fusce eget ligula magna. Aliquam aliquam imperdiet sodales. Ut fringilla turpis in vehicula vehicula. Pellentesque congue ac orci ut gravida. Aliquam erat volutpat. Donec iaculis lectus a arcu facilisis, eu sodales lectus sagittis. Etiam pellentesque, magna vel dictum rutrum, neque justo eleifend elit, vel tincidunt erat arcu ut sem. Sed rutrum, turpis ut commodo efficitur, quam velit convallis ipsum, et maximus enim ligula ac ligula.</p> <p class=\"stext-113 cl6 p-b-26\">Any questions? Let us know in store at 8th floor, 379 Hudson St, New York, NY 10018 or call us on (+1) 96 716 6879</p> </div> </div> <div class=\"col-11 col-md-5 col-lg-4 m-lr-auto\"> <div class=\"how-bor1 \"> <div class=\"hov-img0\"><img src=\"https://cdn.pixabay.com/photo/2015/07/17/22/43/student-849825_1280.jpg\" alt=\"IMG\" width=\"500\" height=\"333\" /></div> </div> </div> </div> <div class=\"row\"> <div class=\"order-md-2 col-md-7 col-lg-8 p-b-30\"> <div class=\"p-t-7 p-l-85 p-l-15-lg p-l-0-md\"> <h2 class=\"mtext-111 cl2 p-b-16\"><span style=\"color: #236fa1;\">Nuestra Misi&oacute;n</span></h2> <p class=\"stext-113 cl6 p-b-26\">Mauris non lacinia magna. Sed nec lobortis dolor. Vestibulum rhoncus dignissim risus, sed consectetur erat. Pellentesque habitant morbi tristique senectus et netus et malesuada fames ac turpis egestas. Nullam maximus mauris sit amet odio convallis, in pharetra magna gravida. Praesent sed nunc fermentum mi molestie tempor. Morbi vitae viverra odio. Pellentesque ac velit egestas, luctus arcu non, laoreet mauris. Sed in ipsum tempor, consequat odio in, porttitor ante. Ut mauris ligula, volutpat in sodales in, porta non odio. Pellentesque tempor urna vitae mi vestibulum, nec venenatis nulla lobortis. Proin at gravida ante. Mauris auctor purus at lacus maximus euismod. Pellentesque vulputate massa ut nisl hendrerit, eget elementum libero iaculis.</p> <div class=\"bor16 p-l-29 p-b-9 m-t-22\"> <p class=\"stext-114 cl6 p-r-40 p-b-11\">Creativity is just connecting things. When you ask creative people how they did something, they feel a little guilty because they didn\'t really do it, they just saw something. It seemed obvious to them after a while.</p> <span class=\"stext-111 cl8\"> - Steve Job&rsquo;s </span></div> </div> </div> <div class=\"order-md-1 col-11 col-md-5 col-lg-4 m-lr-auto p-b-30\"> <div class=\"how-bor2\"> <div class=\"hov-img0\"><img src=\"https://cdn.pixabay.com/photo/2015/07/17/22/43/student-849822_1280.jpg\" alt=\"IMG\" width=\"500\" height=\"333\" /></div> </div> </div> </div> </div> </section>','img_2f644b056a9fd3624c7595d24b1d9273.jpg','2021-08-09 03:09:44','nosotros',1),(5,'Contacto','<div class=\"map\"><iframe style=\"border: 0;\" src=\"https://www.google.com/maps/embed?pb=!1m18!1m12!1m3!1d3861.685802352331!2d-90.73646108521129!3d14.559951589828378!2m3!1f0!2f0!3f0!3m2!1i1024!2i768!4f13.1!3m3!1m2!1s0x85890e74b3771e19%3A0x68ec9eeea79fd9a7!2sEl%20Arco%20de%20Santa%20Catalina!5e0!3m2!1ses!2sgt!4v1624005005655!5m2!1ses!2sgt\" width=\"100%\" height=\"600\" allowfullscreen=\"allowfullscreen\" loading=\"lazy\"></iframe></div>','img_3024f13dc010ffab8c22da05ac6a32b9.jpg','2021-08-09 03:11:08','contacto',1),(6,'Preguntas frecuentes','<ol> <li><strong>&iquest;Cu&aacute;l es el tiempo de entrega de los producto? </strong>Lorem ipsum dolor sit amet consectetur adipisicing elit. Nobis sunt, corrupti hic aspernatur cumque alias, ipsam omnis iure ipsum, nostrum labore obcaecati natus repellendus consequatur est nemo sapiente dolorem dicta. Lorem, ipsum dolor sit amet consectetur adipisicing elit. Commodi, voluptas, consectetur iusto delectus quaerat ullam nesciunt! Quae doloribus deserunt qui fugit illo nobis ipsum, accusamus eius perferendis beatae culpa molestias!</li> <li><strong>&iquest;C&oacute;mo es la forma de env&iacute;o de los productos?</strong> Lorem ipsum dolor sit amet consectetur adipisicing elit. Nobis sunt, corrupti hic aspernatur cumque alias, ipsam omnis iure ipsum, nostrum labore obcaecati natus repellendus consequatur est nemo sapiente dolorem dicta. Lorem, ipsum dolor sit amet consectetur adipisicing elit. Commodi, voluptas, consectetur.</li> <li><strong>&iquest;Cu&aacute;l es el tiempo m&aacute;ximo para solicitar un reembolso?</strong> Lorem ipsum dolor sit amet consectetur adipisicing elit. Nobis sunt, corrupti hic aspernatur cumque alias, ipsam omnis iure ipsum, nostrum labore obcaecati natus repellendus consequatur est nemo sapiente dolorem dicta. Lorem, ipsum dolor sit amet consectetur adipisicing elit. Commodi, voluptas, consectetur iusto delectus quaerat ullam nesciunt!</li> </ol> <p>&nbsp;</p> <p>Otras preguntas</p> <ul> <li><strong>&iquest;Qu&eacute; formas de pago aceptan? </strong><span style=\"color: #666666; font-family: Arial, sans-serif; font-size: 15px; font-style: normal; font-variant-ligatures: normal; font-variant-caps: normal; font-weight: 400; letter-spacing: normal; orphans: 2; text-align: left; text-indent: 0px; text-transform: none; white-space: normal; widows: 2; word-spacing: 0px; -webkit-text-stroke-width: 0px; background-color: #ffffff; text-decoration-thickness: initial; text-decoration-style: initial; text-decoration-color: initial; display: inline !important; float: none;\">Corrupti hic aspernatur cumque alias, ipsam omnis iure ipsum, nostrum labore obcaecati natus repellendus consequatur est nemo sapiente dolorem dicta. Lorem, ipsum dolor sit amet consectetur adipisicing elit. Commodi, voluptas, consectetur iusto delectus quaerat ullam nesciunt! Quae doloribus deserunt qui fugit illo nobis ipsum, accusamus eius perferendis beatae culpa molestias!</span></li> </ul>','','2021-08-11 01:24:19','preguntas-frecuentes',1),(7,'Términos y Condiciones','<p>A continuaci&oacute;n se describen los t&eacute;rmino y condiciones de la Tienda Virtual!</p> <ol> <li>Pol&iacute;tica uno</li> <li>Termino dos</li> <li>Condici&oacute;n tres</li> </ol> <p>Lorem ipsum dolor sit amet consectetur adipisicing elit. Nobis sunt, corrupti hic aspernatur cumque alias, ipsam omnis iure ipsum, nostrum labore obcaecati natus repellendus consequatur est nemo sapiente dolorem dicta. Lorem, ipsum dolor sit amet consectetur adipisicing elit. Commodi, voluptas, consectetur iusto delectus quaerat ullam nesciunt! Quae doloribus deserunt qui fugit illo nobis ipsum, accusamus eius perferendis beatae culpa molestias!</p>','','2021-08-11 01:51:06','terminos-y-condiciones',1),(8,'Sucursales','<section class=\"py-5 text-center\"> <div class=\"container\"> <p>Visitanos y obten los mejores precios del mercado, cualquier art&iacute;culo que necestas para vivir mejor</p> <a class=\"btn btn-info\" href=\"../../tienda_virtual/tienda\">VER PRODUCTOS</a></div> </section> <div class=\"py-5 bg-light\"> <div class=\"container\"> <div class=\"row\"> <div class=\"col-md-4\"> <div class=\"card mb-4 box-shadow hov-img0\"><img src=\"https://abelosh.com/tienda_virtual/Assets/images/s1.jpg\" alt=\"Tienda Uno\" width=\"100%\" height=\"100%\" /> <div class=\"card-body\"> <p class=\"card-text\">Lorem ipsum dolor, sit amet consectetur adipisicing elit. Quaerat necessitatibus eligendi, soluta ipsa natus, at earum qui enim, illum doloremque, accusantium autem nemo est esse nulla neque eaque repellendus amet.</p> <p>Direcci&oacute;n: Antigua Gautemala <br />Tel&eacute;fono: 4654645 <br />Correo: info@abelosh.com</p> </div> </div> </div> <div class=\"col-md-4\"> <div class=\"card mb-4 box-shadow hov-img0\"><img src=\"https://abelosh.com/tienda_virtual/Assets/images/s2.jpg\" alt=\"Sucural dos\" width=\"100%\" height=\"100%\" /> <div class=\"card-body\"> <p class=\"card-text\">Lorem ipsum dolor, sit amet consectetur adipisicing elit. Quaerat necessitatibus eligendi, soluta ipsa natus, at earum qui enim, illum doloremque, accusantium autem nemo est esse nulla neque eaque repellendus amet.</p> <p>Direcci&oacute;n: Antigua Gautemala <br />Tel&eacute;fono: 4654645 <br />Correo: info@abelosh.com</p> </div> </div> </div> <div class=\"col-md-4\"> <div class=\"card mb-4 box-shadow hov-img0\"><img src=\"https://abelosh.com/tienda_virtual/Assets/images/s3.jpg\" alt=\"Sucural tres\" width=\"100%\" height=\"100%\" /> <div class=\"card-body\"> <p class=\"card-text\">Lorem ipsum dolor, sit amet consectetur adipisicing elit. Quaerat necessitatibus eligendi, soluta ipsa natus, at earum qui enim, illum doloremque, accusantium autem nemo est esse nulla neque eaque repellendus amet.</p> <p>Direcci&oacute;n: Antigua Gautemala <br />Tel&eacute;fono: 4654645 <br />Correo: info@abelosh.com</p> </div> </div> </div> </div> </div> </div>','img_d72cb5712933863e051dc9c7fac5e253.jpg','2021-08-11 02:26:45','sucursales',1),(9,'Not Found','<h1>Error 404: P&aacute;gina no encontrada</h1> <p>No se encuentra la p&aacute;gina que ha solicitado.</p>','','2021-08-12 02:30:49','not-found',1);
/*!40000 ALTER TABLE `post` ENABLE KEYS */;
UNLOCK TABLES;

--
-- Table structure for table `producto`
--

DROP TABLE IF EXISTS `producto`;
/*!40101 SET @saved_cs_client     = @@character_set_client */;
/*!50503 SET character_set_client = utf8mb4 */;
CREATE TABLE `producto` (
  `idproducto` bigint NOT NULL AUTO_INCREMENT,
  `categoriaid` bigint NOT NULL,
  `codigo` varchar(30) CHARACTER SET utf8mb4 COLLATE utf8mb4_swedish_ci NOT NULL,
  `nombre` varchar(255) CHARACTER SET utf8mb4 COLLATE utf8mb4_swedish_ci NOT NULL,
  `descripcion` text CHARACTER SET utf8mb4 COLLATE utf8mb4_swedish_ci NOT NULL,
  `precio` decimal(11,2) NOT NULL,
  `stock` int NOT NULL,
  `imagen` varchar(100) CHARACTER SET utf8mb4 COLLATE utf8mb4_swedish_ci DEFAULT NULL,
  `datecreated` datetime NOT NULL DEFAULT CURRENT_TIMESTAMP,
  `ruta` varchar(255) CHARACTER SET utf8mb4 COLLATE utf8mb4_swedish_ci NOT NULL,
  `status` int NOT NULL DEFAULT '1',
  PRIMARY KEY (`idproducto`),
  KEY `categoriaid` (`categoriaid`),
  CONSTRAINT `producto_ibfk_1` FOREIGN KEY (`categoriaid`) REFERENCES `categoria` (`idcategoria`) ON DELETE CASCADE ON UPDATE CASCADE
) ENGINE=InnoDB AUTO_INCREMENT=4 DEFAULT CHARSET=utf8mb4 COLLATE=utf8mb4_swedish_ci;
/*!40101 SET character_set_client = @saved_cs_client */;

--
-- Dumping data for table `producto`
--

LOCK TABLES `producto` WRITE;
/*!40000 ALTER TABLE `producto` DISABLE KEYS */;
INSERT INTO `producto` VALUES (1,1,'2417984565','Chaqueta Azul','<p><strong style=\"margin: 0px; padding: 0px; color: #000000; font-family: \'Open Sans\', Arial, sans-serif; font-size: 14px; font-style: normal; font-variant-ligatures: normal; font-variant-caps: normal; letter-spacing: normal; orphans: 2; text-align: justify; text-indent: 0px; text-transform: none; white-space: normal; widows: 2; word-spacing: 0px; -webkit-text-stroke-width: 0px; background-color: #ffffff; text-decoration-thickness: initial; text-decoration-style: initial; text-decoration-color: initial;\">Lorem Ipsum</strong><span style=\"color: #000000; font-family: \'Open Sans\', Arial, sans-serif; font-size: 14px; font-style: normal; font-variant-ligatures: normal; font-variant-caps: normal; font-weight: 400; letter-spacing: normal; orphans: 2; text-align: justify; text-indent: 0px; text-transform: none; white-space: normal; widows: 2; word-spacing: 0px; -webkit-text-stroke-width: 0px; background-color: #ffffff; text-decoration-thickness: initial; text-decoration-style: initial; text-decoration-color: initial; display: inline !important; float: none;\">&nbsp;is simply dummy text of the printing and typesetting industry. Lorem Ipsum has been the industry\'s standard dummy text ever since the 1500s, when an unknown printer took a galley of type and scrambled it to make a type specimen book. It has survived not only five centuries, but also the leap into electronic typesetting, remaining essentially unchanged.</span></p>',100.00,50,NULL,'2021-08-20 03:12:14','chaqueta-azul',1),(2,1,'456879878','Reloj','<p><strong style=\"margin: 0px; padding: 0px; color: #000000; font-family: \'Open Sans\', Arial, sans-serif; font-size: 14px; font-style: normal; font-variant-ligatures: normal; font-variant-caps: normal; letter-spacing: normal; orphans: 2; text-align: justify; text-indent: 0px; text-transform: none; white-space: normal; widows: 2; word-spacing: 0px; -webkit-text-stroke-width: 0px; background-color: #ffffff; text-decoration-thickness: initial; text-decoration-style: initial; text-decoration-color: initial;\">Lorem Ipsum</strong><span style=\"color: #000000; font-family: \'Open Sans\', Arial, sans-serif; font-size: 14px; font-style: normal; font-variant-ligatures: normal; font-variant-caps: normal; font-weight: 400; letter-spacing: normal; orphans: 2; text-align: justify; text-indent: 0px; text-transform: none; white-space: normal; widows: 2; word-spacing: 0px; -webkit-text-stroke-width: 0px; background-color: #ffffff; text-decoration-thickness: initial; text-decoration-style: initial; text-decoration-color: initial; display: inline !important; float: none;\">&nbsp;is simply dummy text of the printing and typesetting industry. Lorem Ipsum has been the industry\'s standard dummy text ever since the 1500s, when an unknown printer took a galley of type and scrambled it to make a type specimen book. It has survived not only five centuries, but also the leap into electronic typesetting, remaining essentially unchanged.</span></p>',200.00,100,NULL,'2021-08-20 03:14:10','reloj',1),(3,2,'4658798787','Bocina JBL Flip 5','<p>Wireless Bluetooth streaming. 24 hours of playtime. IPX7 waterproof. JBL Connect plus. High-capacity battery. Connector type: 3.5 millimeter stereo. Power Source Type: Battery Powered.</p>',300.00,100,NULL,'2021-08-21 00:48:21','bocina-jbl-flip-5',1);
/*!40000 ALTER TABLE `producto` ENABLE KEYS */;
UNLOCK TABLES;

--
-- Table structure for table `reembolso`
--

DROP TABLE IF EXISTS `reembolso`;
/*!40101 SET @saved_cs_client     = @@character_set_client */;
/*!50503 SET character_set_client = utf8mb4 */;
CREATE TABLE `reembolso` (
  `id` bigint NOT NULL AUTO_INCREMENT,
  `pedidoid` bigint NOT NULL,
  `idtransaccion` varchar(255) CHARACTER SET utf8mb4 COLLATE utf8mb4_swedish_ci NOT NULL,
  `datosreembolso` text CHARACTER SET utf8mb4 COLLATE utf8mb4_swedish_ci NOT NULL,
  `observacion` text CHARACTER SET utf8mb4 COLLATE utf8mb4_swedish_ci NOT NULL,
  `status` varchar(150) CHARACTER SET utf8mb4 COLLATE utf8mb4_swedish_ci NOT NULL,
  PRIMARY KEY (`id`),
  KEY `pedidoid` (`pedidoid`),
  CONSTRAINT `reembolso_ibfk_1` FOREIGN KEY (`pedidoid`) REFERENCES `pedido` (`idpedido`) ON DELETE CASCADE ON UPDATE CASCADE
) ENGINE=InnoDB DEFAULT CHARSET=utf8mb4 COLLATE=utf8mb4_swedish_ci;
/*!40101 SET character_set_client = @saved_cs_client */;

--
-- Dumping data for table `reembolso`
--

LOCK TABLES `reembolso` WRITE;
/*!40000 ALTER TABLE `reembolso` DISABLE KEYS */;
/*!40000 ALTER TABLE `reembolso` ENABLE KEYS */;
UNLOCK TABLES;

--
-- Table structure for table `suscripciones`
--

DROP TABLE IF EXISTS `suscripciones`;
/*!40101 SET @saved_cs_client     = @@character_set_client */;
/*!50503 SET character_set_client = utf8mb4 */;
CREATE TABLE `suscripciones` (
  `idsuscripcion` bigint NOT NULL AUTO_INCREMENT,
  `nombre` varchar(200) CHARACTER SET utf8mb4 COLLATE utf8mb4_swedish_ci NOT NULL,
  `email` varchar(200) CHARACTER SET utf8mb4 COLLATE utf8mb4_swedish_ci NOT NULL,
  `datecreated` datetime NOT NULL DEFAULT CURRENT_TIMESTAMP,
  PRIMARY KEY (`idsuscripcion`)
) ENGINE=InnoDB AUTO_INCREMENT=2 DEFAULT CHARSET=utf8mb4 COLLATE=utf8mb4_swedish_ci;
/*!40101 SET character_set_client = @saved_cs_client */;

--
-- Dumping data for table `suscripciones`
--

LOCK TABLES `suscripciones` WRITE;
/*!40000 ALTER TABLE `suscripciones` DISABLE KEYS */;
INSERT INTO `suscripciones` VALUES (1,'Roberto','toolsfordeveloper@gmail.com','2021-08-20 04:05:10');
/*!40000 ALTER TABLE `suscripciones` ENABLE KEYS */;
UNLOCK TABLES;

--
-- Table structure for table `tbl_ms_bitacora`
--

DROP TABLE IF EXISTS `tbl_ms_bitacora`;
/*!40101 SET @saved_cs_client     = @@character_set_client */;
/*!50503 SET character_set_client = utf8mb4 */;
CREATE TABLE `tbl_ms_bitacora` (
  `id_bitacora` int NOT NULL,
  `fecha` datetime DEFAULT NULL,
  `id_usuario` bigint DEFAULT NULL,
  `id_objeto` bigint DEFAULT NULL,
  `accion` varchar(20) DEFAULT NULL,
  `descripcion` varchar(100) DEFAULT NULL,
  PRIMARY KEY (`id_bitacora`),
  KEY `bitacora_objeto_idx` (`id_objeto`),
  KEY `bitacora_usuario_idx` (`id_usuario`),
  CONSTRAINT `bitacora_objeto` FOREIGN KEY (`id_objeto`) REFERENCES `tbl_ms_objetos` (`id_objeto`),
  CONSTRAINT `bitacora_usuario` FOREIGN KEY (`id_usuario`) REFERENCES `tbl_ms_usuarios` (`id_usuario`)
) ENGINE=InnoDB DEFAULT CHARSET=utf8mb4 COLLATE=utf8mb4_0900_ai_ci;
/*!40101 SET character_set_client = @saved_cs_client */;

--
-- Dumping data for table `tbl_ms_bitacora`
--

LOCK TABLES `tbl_ms_bitacora` WRITE;
/*!40000 ALTER TABLE `tbl_ms_bitacora` DISABLE KEYS */;
/*!40000 ALTER TABLE `tbl_ms_bitacora` ENABLE KEYS */;
UNLOCK TABLES;

--
-- Table structure for table `tbl_ms_hist_contrasena`
--

DROP TABLE IF EXISTS `tbl_ms_hist_contrasena`;
/*!40101 SET @saved_cs_client     = @@character_set_client */;
/*!50503 SET character_set_client = utf8mb4 */;
CREATE TABLE `tbl_ms_hist_contrasena` (
  `id_usuario` bigint NOT NULL,
  `contrasena` varchar(100) DEFAULT NULL,
  `creado_por` varchar(15) DEFAULT NULL,
  `fecha_creacion` datetime DEFAULT NULL,
  `modificado_por` varchar(15) DEFAULT NULL,
  `fecha_modificacion` datetime DEFAULT NULL,
  PRIMARY KEY (`id_usuario`),
  CONSTRAINT `histContra_idUsuario` FOREIGN KEY (`id_usuario`) REFERENCES `tbl_ms_usuarios` (`id_usuario`)
) ENGINE=InnoDB DEFAULT CHARSET=utf8mb4 COLLATE=utf8mb4_0900_ai_ci;
/*!40101 SET character_set_client = @saved_cs_client */;

--
-- Dumping data for table `tbl_ms_hist_contrasena`
--

LOCK TABLES `tbl_ms_hist_contrasena` WRITE;
/*!40000 ALTER TABLE `tbl_ms_hist_contrasena` DISABLE KEYS */;
/*!40000 ALTER TABLE `tbl_ms_hist_contrasena` ENABLE KEYS */;
UNLOCK TABLES;

--
-- Table structure for table `tbl_ms_objetos`
--

DROP TABLE IF EXISTS `tbl_ms_objetos`;
/*!40101 SET @saved_cs_client     = @@character_set_client */;
/*!50503 SET character_set_client = utf8mb4 */;
CREATE TABLE `tbl_ms_objetos` (
  `id_objeto` bigint NOT NULL AUTO_INCREMENT,
  `objeto` varchar(50) CHARACTER SET utf8mb4 COLLATE utf8mb4_swedish_ci NOT NULL,
  `descripcion` text CHARACTER SET utf8mb4 COLLATE utf8mb4_swedish_ci NOT NULL,
  `status` int NOT NULL DEFAULT '1',
  PRIMARY KEY (`id_objeto`)
) ENGINE=InnoDB AUTO_INCREMENT=10 DEFAULT CHARSET=utf8mb4 COLLATE=utf8mb4_swedish_ci;
/*!40101 SET character_set_client = @saved_cs_client */;

--
-- Dumping data for table `tbl_ms_objetos`
--

LOCK TABLES `tbl_ms_objetos` WRITE;
/*!40000 ALTER TABLE `tbl_ms_objetos` DISABLE KEYS */;
INSERT INTO `tbl_ms_objetos` VALUES (1,'Dashboard','Dashboard',1),(2,'Usuarios','Usuarios del sistema',1),(3,'Clientes','Clientes de tienda',1),(4,'Productos','Todos los productos',1),(5,'Pedidos','Pedidos',1),(6,'Caterogías','Caterogías Productos',1),(7,'Suscriptores','Suscriptores del sitio web',1),(8,'Contactos','Mensajes del formulario contacto',1);
/*!40000 ALTER TABLE `tbl_ms_objetos` ENABLE KEYS */;
UNLOCK TABLES;

--
-- Table structure for table `tbl_ms_parametros`
--

DROP TABLE IF EXISTS `tbl_ms_parametros`;
/*!40101 SET @saved_cs_client     = @@character_set_client */;
/*!50503 SET character_set_client = utf8mb4 */;
CREATE TABLE `tbl_ms_parametros` (
  `id_parametro` int NOT NULL,
  `parametro` varchar(50) DEFAULT NULL,
  `valor` varchar(100) DEFAULT NULL,
  `id_usuario` bigint DEFAULT NULL,
  `creado_por` varchar(15) DEFAULT NULL,
  `fecha_creacion` datetime DEFAULT NULL,
  `modificado_por` varchar(15) DEFAULT NULL,
  `fecha_modificacion` datetime DEFAULT NULL,
  PRIMARY KEY (`id_parametro`),
  KEY `parametros_idUsuario_idx` (`id_usuario`),
  CONSTRAINT `parametros_idUsuario` FOREIGN KEY (`id_usuario`) REFERENCES `tbl_ms_usuarios` (`id_usuario`)
) ENGINE=InnoDB DEFAULT CHARSET=utf8mb4 COLLATE=utf8mb4_0900_ai_ci;
/*!40101 SET character_set_client = @saved_cs_client */;

--
-- Dumping data for table `tbl_ms_parametros`
--

LOCK TABLES `tbl_ms_parametros` WRITE;
/*!40000 ALTER TABLE `tbl_ms_parametros` DISABLE KEYS */;
/*!40000 ALTER TABLE `tbl_ms_parametros` ENABLE KEYS */;
UNLOCK TABLES;

--
-- Table structure for table `tbl_ms_permisos`
--

DROP TABLE IF EXISTS `tbl_ms_permisos`;
/*!40101 SET @saved_cs_client     = @@character_set_client */;
/*!50503 SET character_set_client = utf8mb4 */;
CREATE TABLE `tbl_ms_permisos` (
  `idpermiso` bigint NOT NULL AUTO_INCREMENT,
  `id_rol` bigint NOT NULL,
  `id_objeto` bigint NOT NULL,
  `r` int NOT NULL DEFAULT '0',
  `w` int NOT NULL DEFAULT '0',
  `u` int NOT NULL DEFAULT '0',
  `d` int NOT NULL DEFAULT '0',
  PRIMARY KEY (`idpermiso`),
  KEY `rolid` (`id_rol`),
  KEY `moduloid` (`id_objeto`),
  CONSTRAINT `tbl_ms_permisos_ibfk_1` FOREIGN KEY (`id_rol`) REFERENCES `tbl_ms_roles` (`id_rol`) ON DELETE CASCADE ON UPDATE CASCADE,
  CONSTRAINT `tbl_ms_permisos_ibfk_2` FOREIGN KEY (`id_objeto`) REFERENCES `tbl_ms_objetos` (`id_objeto`) ON DELETE CASCADE ON UPDATE CASCADE
) ENGINE=InnoDB AUTO_INCREMENT=163 DEFAULT CHARSET=utf8mb4 COLLATE=utf8mb4_swedish_ci;
/*!40101 SET character_set_client = @saved_cs_client */;

--
-- Dumping data for table `tbl_ms_permisos`
--

LOCK TABLES `tbl_ms_permisos` WRITE;
/*!40000 ALTER TABLE `tbl_ms_permisos` DISABLE KEYS */;
INSERT INTO `tbl_ms_permisos` VALUES (3,1,1,1,1,1,1),(4,1,2,1,1,1,1),(5,1,3,1,1,1,1),(6,1,4,1,1,1,1),(7,1,5,1,1,1,1),(8,1,6,1,1,1,1),(9,1,7,1,1,1,1),(10,1,8,1,1,1,1),(39,3,1,1,0,0,0),(40,3,2,1,0,0,0),(41,3,3,0,0,0,0),(42,3,4,0,0,0,0),(43,3,5,1,0,0,0),(44,3,6,0,0,0,0),(45,3,7,0,0,0,0),(46,3,8,0,0,0,0),(93,11,1,1,0,0,0),(94,11,2,0,0,0,0),(95,11,3,0,0,0,0),(96,11,4,0,0,0,0),(97,11,5,0,0,0,0),(98,11,6,0,0,0,0),(99,11,7,0,0,0,0),(100,11,8,0,0,0,0),(138,4,1,1,1,0,0),(139,4,2,1,0,0,0),(140,4,3,1,1,1,0),(141,4,4,1,0,0,0),(142,4,5,1,0,1,0),(143,4,6,0,0,0,0),(144,4,7,1,0,0,0),(145,4,8,1,0,0,0),(155,2,1,1,1,1,1),(156,2,2,1,1,1,1),(157,2,3,1,1,1,0),(158,2,4,1,1,1,0),(159,2,5,1,1,1,0),(160,2,6,1,1,1,0),(161,2,7,1,0,0,0),(162,2,8,1,0,0,0);
/*!40000 ALTER TABLE `tbl_ms_permisos` ENABLE KEYS */;
UNLOCK TABLES;

--
-- Table structure for table `tbl_ms_preguntas`
--

DROP TABLE IF EXISTS `tbl_ms_preguntas`;
/*!40101 SET @saved_cs_client     = @@character_set_client */;
/*!50503 SET character_set_client = utf8mb4 */;
CREATE TABLE `tbl_ms_preguntas` (
  `id_pregunta` int NOT NULL,
  `pregunta` varchar(100) DEFAULT NULL,
  `creado_por` varchar(15) DEFAULT NULL,
  `fecha_creacion` datetime DEFAULT NULL,
  `modificado_por` varchar(15) DEFAULT NULL,
  `fecha_modificacion` datetime DEFAULT NULL,
  PRIMARY KEY (`id_pregunta`)
) ENGINE=InnoDB DEFAULT CHARSET=utf8mb4 COLLATE=utf8mb4_0900_ai_ci;
/*!40101 SET character_set_client = @saved_cs_client */;

--
-- Dumping data for table `tbl_ms_preguntas`
--

LOCK TABLES `tbl_ms_preguntas` WRITE;
/*!40000 ALTER TABLE `tbl_ms_preguntas` DISABLE KEYS */;
INSERT INTO `tbl_ms_preguntas` VALUES (1,'COMIDA FAVORITA',NULL,NULL,NULL,NULL),(2,'EQUIPO FAVORITO',NULL,NULL,NULL,NULL);
/*!40000 ALTER TABLE `tbl_ms_preguntas` ENABLE KEYS */;
UNLOCK TABLES;

--
-- Table structure for table `tbl_ms_preguntas_usuario`
--

DROP TABLE IF EXISTS `tbl_ms_preguntas_usuario`;
/*!40101 SET @saved_cs_client     = @@character_set_client */;
/*!50503 SET character_set_client = utf8mb4 */;
CREATE TABLE `tbl_ms_preguntas_usuario` (
  `id_pregunta` int NOT NULL,
  `id_usuario` bigint NOT NULL,
  `respuesta` varchar(100) DEFAULT NULL,
  `creado_por` varchar(15) DEFAULT NULL,
  `fecha_creacion` datetime DEFAULT NULL,
  `modificado_por` varchar(15) DEFAULT NULL,
  `fecha_modificacion` datetime DEFAULT NULL,
  PRIMARY KEY (`id_pregunta`,`id_usuario`),
  KEY `preguntaUsuario_idUsuario_idx` (`id_usuario`),
  KEY `preguntaUsuario_idPregunta_idx` (`id_pregunta`),
  CONSTRAINT `preguntaUsuario_idPregunta` FOREIGN KEY (`id_pregunta`) REFERENCES `tbl_ms_preguntas` (`id_pregunta`),
  CONSTRAINT `preguntaUsuario_idUsuario` FOREIGN KEY (`id_usuario`) REFERENCES `tbl_ms_usuarios` (`id_usuario`)
) ENGINE=InnoDB DEFAULT CHARSET=utf8mb4 COLLATE=utf8mb4_0900_ai_ci;
/*!40101 SET character_set_client = @saved_cs_client */;

--
-- Dumping data for table `tbl_ms_preguntas_usuario`
--

LOCK TABLES `tbl_ms_preguntas_usuario` WRITE;
/*!40000 ALTER TABLE `tbl_ms_preguntas_usuario` DISABLE KEYS */;
INSERT INTO `tbl_ms_preguntas_usuario` VALUES (1,19,'POLLO',NULL,NULL,NULL,NULL);
/*!40000 ALTER TABLE `tbl_ms_preguntas_usuario` ENABLE KEYS */;
UNLOCK TABLES;

--
-- Table structure for table `tbl_ms_roles`
--

DROP TABLE IF EXISTS `tbl_ms_roles`;
/*!40101 SET @saved_cs_client     = @@character_set_client */;
/*!50503 SET character_set_client = utf8mb4 */;
CREATE TABLE `tbl_ms_roles` (
  `id_rol` bigint NOT NULL AUTO_INCREMENT,
  `nombrerol` varchar(50) CHARACTER SET utf8mb4 COLLATE utf8mb4_swedish_ci NOT NULL,
  `descripcion` text CHARACTER SET utf8mb4 COLLATE utf8mb4_swedish_ci NOT NULL,
  `status` int NOT NULL DEFAULT '1',
  PRIMARY KEY (`id_rol`)
) ENGINE=InnoDB AUTO_INCREMENT=18 DEFAULT CHARSET=utf8mb4 COLLATE=utf8mb4_swedish_ci;
/*!40101 SET character_set_client = @saved_cs_client */;

--
-- Dumping data for table `tbl_ms_roles`
--

LOCK TABLES `tbl_ms_roles` WRITE;
/*!40000 ALTER TABLE `tbl_ms_roles` DISABLE KEYS */;
INSERT INTO `tbl_ms_roles` VALUES (1,'Administrador','Acceso a todo el sistema',1),(2,'Supervisor','Supervisor de tiendas',1),(3,'Clientes de todo','Clientes en general',1),(4,'Vendedor','Operador de tienda',1),(5,'prueba','fddfd',0),(6,'prueba2','gg',0),(7,'prueba33','d',0),(8,'prueba4','f',0),(9,'nuevo1','dch',0),(10,'prueba555','gggggg',0),(11,'Nuevo de prueba','sf',1),(12,'probar cambio','sddd',0),(13,'prueba44','f',0),(14,'prueba4446','d',0),(15,'Nueva Prueba','sssss',0),(16,'rrrr','rf',1),(17,'gu','f',0);
/*!40000 ALTER TABLE `tbl_ms_roles` ENABLE KEYS */;
UNLOCK TABLES;

--
-- Table structure for table `tbl_ms_usuarios`
--

DROP TABLE IF EXISTS `tbl_ms_usuarios`;
/*!40101 SET @saved_cs_client     = @@character_set_client */;
/*!50503 SET character_set_client = utf8mb4 */;
CREATE TABLE `tbl_ms_usuarios` (
  `id_usuario` bigint NOT NULL AUTO_INCREMENT,
  `usuario` varchar(30) CHARACTER SET utf8mb4 COLLATE utf8mb4_swedish_ci DEFAULT NULL,
  `nombre_usuario` varchar(80) CHARACTER SET utf8mb4 COLLATE utf8mb4_swedish_ci NOT NULL,
  `preguntas_contestadas` bigint DEFAULT NULL,
  `correo_electronico` varchar(100) CHARACTER SET utf8mb4 COLLATE utf8mb4_swedish_ci NOT NULL,
  `contrasena` varchar(75) CHARACTER SET utf8mb4 COLLATE utf8mb4_swedish_ci NOT NULL,
  `token` varchar(100) CHARACTER SET utf8mb4 COLLATE utf8mb4_swedish_ci DEFAULT NULL,
  `id_rol` bigint NOT NULL,
  `fecha_creacion` datetime NOT NULL DEFAULT CURRENT_TIMESTAMP,
  `status` int NOT NULL DEFAULT '1',
  PRIMARY KEY (`id_usuario`),
  KEY `rolid` (`id_rol`),
  CONSTRAINT `tbl_ms_usuarios_ibfk_1` FOREIGN KEY (`id_rol`) REFERENCES `tbl_ms_roles` (`id_rol`) ON DELETE CASCADE ON UPDATE CASCADE
) ENGINE=InnoDB AUTO_INCREMENT=32 DEFAULT CHARSET=utf8mb4 COLLATE=utf8mb4_swedish_ci;
/*!40101 SET character_set_client = @saved_cs_client */;

--
-- Dumping data for table `tbl_ms_usuarios`
--

LOCK TABLES `tbl_ms_usuarios` WRITE;
/*!40000 ALTER TABLE `tbl_ms_usuarios` DISABLE KEYS */;
INSERT INTO `tbl_ms_usuarios` VALUES (1,'24091989','ADMINISTRADOR',123456,'info@abelosh.com','8d969eef6ecad3c29a3a629280e686cf0c3f5d5a86aff3ca12020c923adc6c92',NULL,1,'2021-08-20 01:34:15',1),(2,'24091990','Alexander',456878977,'alex@info.com','8d969eef6ecad3c29a3a629280e686cf0c3f5d5a86aff3ca12020c923adc6c92',NULL,2,'2021-08-20 02:58:47',0),(3,'84654864','RicardoBBBBB',4687987,'hr@info.com','8d969eef6ecad3c29a3a629280e686cf0c3f5d5a86aff3ca12020c923adc6c92',NULL,3,'2021-08-20 03:41:28',0),(4,'798465877','Fernando Rii',5,'ferchi@info.com','11a254dab80d52bc4a347e030e54d861a9d2cdb2af2185a9ca4a7318e830d04d',NULL,4,'2021-08-21 18:07:00',0),(5,'01','Elvin',7,'elvin0887@gmail.com','8d969eef6ecad3c29a3a629280e686cf0c3f5d5a86aff3ca12020c923adc6c92','c139af76d18a4ac849f6-912fd07748dba5a6cfd5-62a7dd6deba9f1dbfac1-75222bb460bb0cf065cd',2,'2023-01-30 19:00:46',1),(6,'02','Prueba Cambio',43343434,'eyfggh5@hotmail.com','bcb15f821479b4d5772bd0ca866c00ad5f926e3580720659cc80d39c9d09802a',NULL,1,'2023-01-31 12:44:13',0),(7,'003','ROSE',3232332,'ddd5@hotmail.com','1fda22850fc6dfc14e37ab750e18f9f004d2e2c5d956bdfa9909134fc73e36d8',NULL,1,'2023-01-31 22:50:48',0),(8,'004','Lisa',54566577,'lisa@abelosh.com','cbc8169d32140d8266ab3bae4adf934716ac04329f88d4e5383e68ca8c612726',NULL,1,'2023-01-31 23:39:50',0),(9,'Adeleh5','Adele',54545,'adele@abelosh.com','69f7f7a7f8bca9970fa6f9c0b8dad06901d3ef23fd599d3213aa5eee5621c3e3',NULL,1,'2023-02-01 00:27:00',0),(10,'alec5','ALEX',54333,'alexsa@info.com','8d969eef6ecad3c29a3a629280e686cf0c3f5d5a86aff3ca12020c923adc6c92',NULL,1,'2023-02-02 16:00:03',0),(11,'Jane3','JANE',1,'jane@abelosh.com','49739492dc5974254dc222eb6bb5b554b018535e4541f2dc3e83748f3b270f22',NULL,2,'2023-02-02 16:06:59',0),(12,'abril3','ABRIL',232222,'abril@gmail.com','8204ff70788a1e37b3e7c2a46273dbc4ab775811ef5b25c603e06961b36b4c27',NULL,1,'2023-02-03 14:32:01',0),(13,'ALEH5','ALEJANDROH',4,'elvinhf5@hotmail.com','8d969eef6ecad3c29a3a629280e686cf0c3f5d5a86aff3ca12020c923adc6c92',NULL,4,'2023-02-03 14:42:54',2),(14,'Ju','JUU',890,'ju@gmail.com','3d6603ec44170fc007a3da47d3f9786ecbc1c643a6c3ffe1b7d4400bddc5bcbb',NULL,1,'2023-02-03 16:34:45',0),(15,'Ceci88','CECI',122222,'ceci@gmail.com','83c9bf55b354bf286eb3de2c5a8746ed8d0e36abf885b9b0ae38b7a19f4f7c89',NULL,1,'2023-02-03 19:27:23',0),(16,'aaaaa','Ttttt',3322,'ssss7@gmail.com','342e489174cc8579d038ea97683b010fee86de2c274d2a2eafcb595b213e643f',NULL,1,'2023-02-03 20:41:40',0),(17,'Fercho','Fercho',333333,'fernando@gmail.com','8d969eef6ecad3c29a3a629280e686cf0c3f5d5a86aff3ca12020c923adc6c92',NULL,1,'2023-02-03 21:24:09',1),(18,'Dorca','Dorca',2,'dorca@hotmail.com','8d969eef6ecad3c29a3a629280e686cf0c3f5d5a86aff3ca12020c923adc6c92',NULL,2,'2023-02-03 21:30:23',1),(19,'ELVINH5','ELVIN',3,'elvinh5@hotmail.com','8d969eef6ecad3c29a3a629280e686cf0c3f5d5a86aff3ca12020c923adc6c92','200d6882bc8ece09792c-9d530087f5923fde32b6-b97ac53bee191af6248b-c11584d00e72966ca1ca',1,'2023-02-04 01:16:01',1),(20,'aaa','Aaa',2222,'aaaa5@hotmail.com','b62c87b22514971a4954215024aef575d2b07533f78896e25dd1e1bf6a2a4c3f',NULL,2,'2023-02-08 21:40:58',0),(21,'qw','Qw',3,'qw@hotmail.com','0fd6f543370465bb32abad8ac9900f6bb701722f679d1d97ffadd3e2510aae62',NULL,2,'2023-02-08 23:17:40',0),(22,'Ade','Aded',1,'mass@abelosh.com','af0b5428fa1e0d38065739829011806f326bf7c5681b3812c44211af78fa7603',NULL,2,'2023-02-08 23:18:03',1),(23,'ALONEE','ALONEE',3,'massa@hotmail.com','8d969eef6ecad3c29a3a629280e686cf0c3f5d5a86aff3ca12020c923adc6c92',NULL,2,'2023-02-08 23:18:46',1),(24,'Saho55','SAHORI',NULL,'sahori@hotmail.com','48b2a0cd162b9b54faea8cba0390483940e6703c8a24262250a7453543b60441',NULL,2,'2023-02-09 00:41:34',1),(25,'Prueba FC','Prueba FCD',NULL,'prueba@hotmail.com','66886e1b55f3b9d8948acb817b12c17ac3ae140ccad502257cae7406b532f9d3',NULL,1,'2023-02-09 17:04:53',1),(26,'suu','Suk',5,'su@hotmail.com','769e77a0c3a3e456cb84123f79149712eb2bdde25c3211621a68dad32da3f8f8',NULL,2,'2023-02-09 18:18:46',0),(27,'as','Asss',2,'as@hotmail.com','04cd9a6b2739f177c9df7ff28a6677b9558aec053bed84c94ff0236d0e1e84c7',NULL,4,'2023-02-09 18:24:19',0),(28,'asd','Asd',1,'asd@hotmail.com','8d969eef6ecad3c29a3a629280e686cf0c3f5d5a86aff3ca12020c923adc6c92',NULL,1,'2023-02-09 18:25:22',1),(29,'cere','Cere',0,'cew@hotmail.com','d268cd824ce25650d48b36e7a6963be47340112273a7cbff237b14378ce2db14',NULL,1,'2023-02-09 19:01:01',1),(30,'Daisy','Daisy',NULL,'daisy@abelosh.com','926a4fd7745492eea0f98da943b8cffd41cf142f9de112511d102c02a7744f50',NULL,1,'2023-02-09 19:08:02',2),(31,'Uno','Uno',0,'unoh5@hotmail.com','5668ae33067618802ff2d024204a22ba9d882aef1843d3f4100160aa19ab9f5c',NULL,4,'2023-02-09 19:51:28',1);
/*!40000 ALTER TABLE `tbl_ms_usuarios` ENABLE KEYS */;
UNLOCK TABLES;

--
-- Table structure for table `tipopago`
--

DROP TABLE IF EXISTS `tipopago`;
/*!40101 SET @saved_cs_client     = @@character_set_client */;
/*!50503 SET character_set_client = utf8mb4 */;
CREATE TABLE `tipopago` (
  `idtipopago` bigint NOT NULL AUTO_INCREMENT,
  `tipopago` varchar(100) CHARACTER SET utf8mb4 COLLATE utf8mb4_swedish_ci NOT NULL,
  `status` int NOT NULL DEFAULT '1',
  PRIMARY KEY (`idtipopago`)
) ENGINE=InnoDB AUTO_INCREMENT=6 DEFAULT CHARSET=utf8mb4 COLLATE=utf8mb4_swedish_ci;
/*!40101 SET character_set_client = @saved_cs_client */;

--
-- Dumping data for table `tipopago`
--

LOCK TABLES `tipopago` WRITE;
/*!40000 ALTER TABLE `tipopago` DISABLE KEYS */;
INSERT INTO `tipopago` VALUES (1,'PayPal',1),(2,'Efectivo',1),(3,'Tarjeta',1),(4,'Cheque',1),(5,'Despósito Bancario',1);
/*!40000 ALTER TABLE `tipopago` ENABLE KEYS */;
UNLOCK TABLES;
/*!40103 SET TIME_ZONE=@OLD_TIME_ZONE */;

/*!40101 SET SQL_MODE=@OLD_SQL_MODE */;
/*!40014 SET FOREIGN_KEY_CHECKS=@OLD_FOREIGN_KEY_CHECKS */;
/*!40014 SET UNIQUE_CHECKS=@OLD_UNIQUE_CHECKS */;
/*!40101 SET CHARACTER_SET_CLIENT=@OLD_CHARACTER_SET_CLIENT */;
/*!40101 SET CHARACTER_SET_RESULTS=@OLD_CHARACTER_SET_RESULTS */;
/*!40101 SET COLLATION_CONNECTION=@OLD_COLLATION_CONNECTION */;
/*!40111 SET SQL_NOTES=@OLD_SQL_NOTES */;

-- Dump completed on 2023-02-09 21:04:12
