-- MySQL dump 10.13  Distrib 8.0.30, for Win64 (x86_64)
--
-- Host: 127.0.0.1    Database: db_inversiones_atlantico
-- ------------------------------------------------------
-- Server version	8.0.30

/*!40101 SET @OLD_CHARACTER_SET_CLIENT=@@CHARACTER_SET_CLIENT */;
/*!40101 SET @OLD_CHARACTER_SET_RESULTS=@@CHARACTER_SET_RESULTS */;
/*!40101 SET @OLD_COLLATION_CONNECTION=@@COLLATION_CONNECTION */;
/*!50503 SET NAMES utf8 */;
/*!40103 SET @OLD_TIME_ZONE=@@TIME_ZONE */;
/*!40103 SET TIME_ZONE='+00:00' */;
/*!40014 SET @OLD_UNIQUE_CHECKS=@@UNIQUE_CHECKS, UNIQUE_CHECKS=0 */;
/*!40014 SET @OLD_FOREIGN_KEY_CHECKS=@@FOREIGN_KEY_CHECKS, FOREIGN_KEY_CHECKS=0 */;
/*!40101 SET @OLD_SQL_MODE=@@SQL_MODE, SQL_MODE='NO_AUTO_VALUE_ON_ZERO' */;
/*!40111 SET @OLD_SQL_NOTES=@@SQL_NOTES, SQL_NOTES=0 */;

--
-- Table structure for table `producto`
--

DROP TABLE IF EXISTS `producto`;
/*!40101 SET @saved_cs_client     = @@character_set_client */;
/*!50503 SET character_set_client = utf8mb4 */;
CREATE TABLE `producto` (
  `idproducto` bigint NOT NULL AUTO_INCREMENT,
  `categoriaid` bigint NOT NULL,
  `codigo` varchar(30) CHARACTER SET utf8mb4 COLLATE utf8mb4_swedish_ci NOT NULL,
  `nombre` varchar(255) CHARACTER SET utf8mb4 COLLATE utf8mb4_swedish_ci NOT NULL,
  `descripcion` text CHARACTER SET utf8mb4 COLLATE utf8mb4_swedish_ci NOT NULL,
  `precio` decimal(11,2) NOT NULL,
  `stock` int NOT NULL,
  `imagen` varchar(100) CHARACTER SET utf8mb4 COLLATE utf8mb4_swedish_ci DEFAULT NULL,
  `datecreated` datetime NOT NULL DEFAULT CURRENT_TIMESTAMP,
  `ruta` varchar(255) CHARACTER SET utf8mb4 COLLATE utf8mb4_swedish_ci NOT NULL,
  `estado` int NOT NULL DEFAULT '1',
  PRIMARY KEY (`idproducto`),
  KEY `categoriaid` (`categoriaid`),
  CONSTRAINT `producto_ibfk_1` FOREIGN KEY (`categoriaid`) REFERENCES `categoria` (`idcategoria`) ON DELETE CASCADE ON UPDATE CASCADE
) ENGINE=InnoDB AUTO_INCREMENT=4 DEFAULT CHARSET=utf8mb4 COLLATE=utf8mb4_swedish_ci;
/*!40101 SET character_set_client = @saved_cs_client */;

--
-- Dumping data for table `producto`
--

LOCK TABLES `producto` WRITE;
/*!40000 ALTER TABLE `producto` DISABLE KEYS */;
/*!40000 ALTER TABLE `producto` ENABLE KEYS */;
UNLOCK TABLES;

--
-- Table structure for table `tbl_cliente`
--

DROP TABLE IF EXISTS `tbl_cliente`;
/*!40101 SET @saved_cs_client     = @@character_set_client */;
/*!50503 SET character_set_client = utf8mb4 */;
CREATE TABLE `tbl_cliente` (
  `cod_cliente` int NOT NULL AUTO_INCREMENT,
  `rtn` varchar(14) DEFAULT NULL,
  `nombres` varchar(100) NOT NULL,
  `apellidos` varchar(100) DEFAULT NULL,
  `telefono` int DEFAULT NULL,
  `correo_electronico` varchar(30) DEFAULT NULL,
  `direccion` varchar(255) DEFAULT NULL,
  `fecha_registro` datetime DEFAULT NULL,
  `cod_genero` int DEFAULT NULL,
  `id_usuario` int DEFAULT NULL,
  `estado` int NOT NULL DEFAULT '1',
  PRIMARY KEY (`cod_cliente`),
  KEY `tbl_Genero_Cod_Genero_idx` (`cod_genero`),
  CONSTRAINT `Cliente_CodGenero` FOREIGN KEY (`cod_genero`) REFERENCES `tbl_genero` (`cod_genero`)
) ENGINE=InnoDB AUTO_INCREMENT=5 DEFAULT CHARSET=utf8mb4 COLLATE=utf8mb4_0900_ai_ci;
/*!40101 SET character_set_client = @saved_cs_client */;

--
-- Dumping data for table `tbl_cliente`
--

LOCK TABLES `tbl_cliente` WRITE;
/*!40000 ALTER TABLE `tbl_cliente` DISABLE KEYS */;
/*!40000 ALTER TABLE `tbl_cliente` ENABLE KEYS */;
UNLOCK TABLES;

--
-- Table structure for table `tbl_compra`
--

DROP TABLE IF EXISTS `tbl_compra`;
/*!40101 SET @saved_cs_client     = @@character_set_client */;
/*!50503 SET character_set_client = utf8mb4 */;
CREATE TABLE `tbl_compra` (
  `cod_compra` int NOT NULL AUTO_INCREMENT,
  `total_pagado` decimal(8,2) DEFAULT NULL,
  `fecha` datetime DEFAULT NULL,
  `isv` decimal(8,2) DEFAULT NULL,
  PRIMARY KEY (`cod_compra`)
) ENGINE=InnoDB AUTO_INCREMENT=4 DEFAULT CHARSET=utf8mb4 COLLATE=utf8mb4_0900_ai_ci;
/*!40101 SET character_set_client = @saved_cs_client */;

--
-- Dumping data for table `tbl_compra`
--

LOCK TABLES `tbl_compra` WRITE;
/*!40000 ALTER TABLE `tbl_compra` DISABLE KEYS */;
/*!40000 ALTER TABLE `tbl_compra` ENABLE KEYS */;
UNLOCK TABLES;

--
-- Table structure for table `tbl_configuracion_cai`
--

DROP TABLE IF EXISTS `tbl_configuracion_cai`;
/*!40101 SET @saved_cs_client     = @@character_set_client */;
/*!50503 SET character_set_client = utf8mb4 */;
CREATE TABLE `tbl_configuracion_cai` (
  `cod_talonario` int NOT NULL AUTO_INCREMENT,
  `rango_inicial` int DEFAULT NULL,
  `rango_final` int DEFAULT NULL,
  `rango_actual` int DEFAULT NULL,
  `numero_CAI` varchar(40) DEFAULT NULL,
  `fecha_vencimiento` datetime DEFAULT NULL,
  `id_usuario` bigint DEFAULT NULL,
  PRIMARY KEY (`cod_talonario`),
  KEY `CAI_IdUsuario_idx` (`id_usuario`),
  CONSTRAINT `CAI_IdUsuario` FOREIGN KEY (`id_usuario`) REFERENCES `tbl_ms_usuarios` (`id_usuario`)
) ENGINE=InnoDB DEFAULT CHARSET=utf8mb4 COLLATE=utf8mb4_0900_ai_ci;
/*!40101 SET character_set_client = @saved_cs_client */;

--
-- Dumping data for table `tbl_configuracion_cai`
--

LOCK TABLES `tbl_configuracion_cai` WRITE;
/*!40000 ALTER TABLE `tbl_configuracion_cai` DISABLE KEYS */;
/*!40000 ALTER TABLE `tbl_configuracion_cai` ENABLE KEYS */;
UNLOCK TABLES;

--
-- Table structure for table `tbl_descuento`
--

DROP TABLE IF EXISTS `tbl_descuento`;
/*!40101 SET @saved_cs_client     = @@character_set_client */;
/*!50503 SET character_set_client = utf8mb4 */;
CREATE TABLE `tbl_descuento` (
  `cod_descuento` int NOT NULL AUTO_INCREMENT,
  `nombre_descuento` varchar(20) DEFAULT NULL,
  `porcentaje_descuento` decimal(8,2) DEFAULT NULL,
  PRIMARY KEY (`cod_descuento`)
) ENGINE=InnoDB DEFAULT CHARSET=utf8mb4 COLLATE=utf8mb4_0900_ai_ci;
/*!40101 SET character_set_client = @saved_cs_client */;

--
-- Dumping data for table `tbl_descuento`
--

LOCK TABLES `tbl_descuento` WRITE;
/*!40000 ALTER TABLE `tbl_descuento` DISABLE KEYS */;
/*!40000 ALTER TABLE `tbl_descuento` ENABLE KEYS */;
UNLOCK TABLES;

--
-- Table structure for table `tbl_detalle_compra`
--

DROP TABLE IF EXISTS `tbl_detalle_compra`;
/*!40101 SET @saved_cs_client     = @@character_set_client */;
/*!50503 SET character_set_client = utf8mb4 */;
CREATE TABLE `tbl_detalle_compra` (
  `cod_detalle_compra` int NOT NULL AUTO_INCREMENT,
  `precio_compra` decimal(8,2) DEFAULT NULL,
  `cantidad` int DEFAULT NULL,
  `cod_producto` int DEFAULT NULL,
  `cod_compra` int DEFAULT NULL,
  PRIMARY KEY (`cod_detalle_compra`),
  KEY `TBL_PRODUCTO_COD_PRODUCTO_idx` (`cod_producto`),
  KEY `TBL_COMPRA_COD_COMPRA_idx` (`cod_compra`),
  CONSTRAINT `DetalleCompra_CodCompra` FOREIGN KEY (`cod_compra`) REFERENCES `tbl_compra` (`cod_compra`),
  CONSTRAINT `DetalleCompra_CodProducto` FOREIGN KEY (`cod_producto`) REFERENCES `tbl_producto` (`cod_producto`)
) ENGINE=InnoDB DEFAULT CHARSET=utf8mb4 COLLATE=utf8mb4_0900_ai_ci;
/*!40101 SET character_set_client = @saved_cs_client */;

--
-- Dumping data for table `tbl_detalle_compra`
--

LOCK TABLES `tbl_detalle_compra` WRITE;
/*!40000 ALTER TABLE `tbl_detalle_compra` DISABLE KEYS */;
/*!40000 ALTER TABLE `tbl_detalle_compra` ENABLE KEYS */;
UNLOCK TABLES;

--
-- Table structure for table `tbl_detalle_factura`
--

DROP TABLE IF EXISTS `tbl_detalle_factura`;
/*!40101 SET @saved_cs_client     = @@character_set_client */;
/*!50503 SET character_set_client = utf8mb4 */;
CREATE TABLE `tbl_detalle_factura` (
  `cod_detalle_factura` bigint NOT NULL AUTO_INCREMENT,
  `cod_factura` bigint DEFAULT NULL,
  `cod_producto` int DEFAULT NULL,
  `cantidad` int DEFAULT NULL,
  `precio_venta` decimal(10,2) DEFAULT NULL,
  PRIMARY KEY (`cod_detalle_factura`),
  KEY `DetalleFactura_CodProducto_idx` (`cod_producto`),
  KEY `DetalleFactura_NoFactura_idx` (`cod_factura`),
  CONSTRAINT `DetalleFactura_CodProducto` FOREIGN KEY (`cod_producto`) REFERENCES `tbl_producto` (`cod_producto`),
  CONSTRAINT `DetalleFactura_NoFactura` FOREIGN KEY (`cod_factura`) REFERENCES `tbl_factura` (`cod_factura`)
) ENGINE=InnoDB AUTO_INCREMENT=2 DEFAULT CHARSET=utf8mb4 COLLATE=utf8mb4_0900_ai_ci;
/*!40101 SET character_set_client = @saved_cs_client */;

--
-- Dumping data for table `tbl_detalle_factura`
--

LOCK TABLES `tbl_detalle_factura` WRITE;
/*!40000 ALTER TABLE `tbl_detalle_factura` DISABLE KEYS */;
/*!40000 ALTER TABLE `tbl_detalle_factura` ENABLE KEYS */;
UNLOCK TABLES;

--
-- Table structure for table `tbl_detalle_produccion`
--

DROP TABLE IF EXISTS `tbl_detalle_produccion`;
/*!40101 SET @saved_cs_client     = @@character_set_client */;
/*!50503 SET character_set_client = utf8mb4 */;
CREATE TABLE `tbl_detalle_produccion` (
  `cod_detalle_produccion` int NOT NULL AUTO_INCREMENT,
  `cod_producto` int DEFAULT NULL,
  `cantidad` int DEFAULT NULL,
  `cod_produccion` int DEFAULT NULL,
  PRIMARY KEY (`cod_detalle_produccion`),
  KEY `DetalleProduccion_CodProduccion_idx` (`cod_produccion`),
  KEY `DetalleProduccion_CodProducto_idx` (`cod_producto`),
  CONSTRAINT `DetalleProduccion_CodProduccion` FOREIGN KEY (`cod_produccion`) REFERENCES `tbl_produccion` (`cod_produccion`),
  CONSTRAINT `DetalleProduccion_CodProducto` FOREIGN KEY (`cod_producto`) REFERENCES `tbl_producto` (`cod_producto`)
) ENGINE=InnoDB AUTO_INCREMENT=207 DEFAULT CHARSET=utf8mb4 COLLATE=utf8mb4_0900_ai_ci;
/*!40101 SET character_set_client = @saved_cs_client */;

--
-- Dumping data for table `tbl_detalle_produccion`
--

LOCK TABLES `tbl_detalle_produccion` WRITE;
/*!40000 ALTER TABLE `tbl_detalle_produccion` DISABLE KEYS */;
/*!40000 ALTER TABLE `tbl_detalle_produccion` ENABLE KEYS */;
UNLOCK TABLES;

--
-- Table structure for table `tbl_factura`
--

DROP TABLE IF EXISTS `tbl_factura`;
/*!40101 SET @saved_cs_client     = @@character_set_client */;
/*!50503 SET character_set_client = utf8mb4 */;
CREATE TABLE `tbl_factura` (
  `cod_factura` bigint NOT NULL AUTO_INCREMENT,
  `numero_factura` bigint DEFAULT NULL,
  `fecha` datetime DEFAULT CURRENT_TIMESTAMP,
  `id_usuario` bigint DEFAULT NULL,
  `cod_cliente` int DEFAULT NULL,
  `total` decimal(10,2) DEFAULT NULL,
  `estado` int NOT NULL DEFAULT '1',
  `subtotal` decimal(10,2) DEFAULT NULL,
  `isv` decimal(10,2) DEFAULT NULL,
  `porcentaje_isv` decimal(10,2) DEFAULT NULL,
  PRIMARY KEY (`cod_factura`),
  KEY `TBL_CLIENTE_COD_CLIENTE_idx` (`cod_cliente`),
  CONSTRAINT `Venta_CodCliente` FOREIGN KEY (`cod_cliente`) REFERENCES `tbl_cliente` (`cod_cliente`)
) ENGINE=InnoDB AUTO_INCREMENT=2 DEFAULT CHARSET=utf8mb4 COLLATE=utf8mb4_0900_ai_ci;
/*!40101 SET character_set_client = @saved_cs_client */;

--
-- Dumping data for table `tbl_factura`
--

LOCK TABLES `tbl_factura` WRITE;
/*!40000 ALTER TABLE `tbl_factura` DISABLE KEYS */;
/*!40000 ALTER TABLE `tbl_factura` ENABLE KEYS */;
UNLOCK TABLES;

--
-- Table structure for table `tbl_factura_descuento`
--

DROP TABLE IF EXISTS `tbl_factura_descuento`;
/*!40101 SET @saved_cs_client     = @@character_set_client */;
/*!50503 SET character_set_client = utf8mb4 */;
CREATE TABLE `tbl_factura_descuento` (
  `cod_factura_descuento` int NOT NULL AUTO_INCREMENT,
  `porcentaje_descontado` decimal(8,2) DEFAULT NULL,
  `total_descontado` decimal(8,2) DEFAULT NULL,
  `cod_factura` bigint DEFAULT NULL,
  `cod_descuento` int DEFAULT NULL,
  PRIMARY KEY (`cod_factura_descuento`),
  KEY `FacturaDescuento_CodVenta_idx` (`cod_factura`),
  KEY `FacturaDescuento_CodDescuento_idx` (`cod_descuento`),
  CONSTRAINT `FacturaDescuento_CodDescuento` FOREIGN KEY (`cod_descuento`) REFERENCES `tbl_descuento` (`cod_descuento`),
  CONSTRAINT `FacturaDescuento_CodVenta` FOREIGN KEY (`cod_factura`) REFERENCES `tbl_factura` (`cod_factura`)
) ENGINE=InnoDB DEFAULT CHARSET=utf8mb4 COLLATE=utf8mb4_0900_ai_ci;
/*!40101 SET character_set_client = @saved_cs_client */;

--
-- Dumping data for table `tbl_factura_descuento`
--

LOCK TABLES `tbl_factura_descuento` WRITE;
/*!40000 ALTER TABLE `tbl_factura_descuento` DISABLE KEYS */;
/*!40000 ALTER TABLE `tbl_factura_descuento` ENABLE KEYS */;
UNLOCK TABLES;

--
-- Table structure for table `tbl_factura_promocion`
--

DROP TABLE IF EXISTS `tbl_factura_promocion`;
/*!40101 SET @saved_cs_client     = @@character_set_client */;
/*!50503 SET character_set_client = utf8mb4 */;
CREATE TABLE `tbl_factura_promocion` (
  `cod_factura_Promocion` int NOT NULL AUTO_INCREMENT,
  `Cantidad` int DEFAULT NULL,
  `precio_venta` decimal(8,2) DEFAULT NULL,
  `cod_promocion` int DEFAULT NULL,
  `cod_factura` bigint DEFAULT NULL,
  PRIMARY KEY (`cod_factura_Promocion`),
  KEY `FacturaPromocion_CodVenta_idx` (`cod_factura`),
  KEY `FacturaPromocion_CodPromocion_idx` (`cod_promocion`),
  CONSTRAINT `FacturaPromocion_CodPromocion` FOREIGN KEY (`cod_promocion`) REFERENCES `tbl_promocion` (`cod_promocion`),
  CONSTRAINT `FacturaPromocion_CodVenta` FOREIGN KEY (`cod_factura`) REFERENCES `tbl_factura` (`cod_factura`)
) ENGINE=InnoDB DEFAULT CHARSET=utf8mb4 COLLATE=utf8mb4_0900_ai_ci;
/*!40101 SET character_set_client = @saved_cs_client */;

--
-- Dumping data for table `tbl_factura_promocion`
--

LOCK TABLES `tbl_factura_promocion` WRITE;
/*!40000 ALTER TABLE `tbl_factura_promocion` DISABLE KEYS */;
/*!40000 ALTER TABLE `tbl_factura_promocion` ENABLE KEYS */;
UNLOCK TABLES;

--
-- Table structure for table `tbl_genero`
--

DROP TABLE IF EXISTS `tbl_genero`;
/*!40101 SET @saved_cs_client     = @@character_set_client */;
/*!50503 SET character_set_client = utf8mb4 */;
CREATE TABLE `tbl_genero` (
  `cod_genero` int NOT NULL AUTO_INCREMENT,
  `nombre_genero` varchar(10) DEFAULT NULL,
  PRIMARY KEY (`cod_genero`)
) ENGINE=InnoDB AUTO_INCREMENT=3 DEFAULT CHARSET=utf8mb4 COLLATE=utf8mb4_0900_ai_ci;
/*!40101 SET character_set_client = @saved_cs_client */;

--
-- Dumping data for table `tbl_genero`
--

LOCK TABLES `tbl_genero` WRITE;
/*!40000 ALTER TABLE `tbl_genero` DISABLE KEYS */;
/*!40000 ALTER TABLE `tbl_genero` ENABLE KEYS */;
UNLOCK TABLES;

--
-- Table structure for table `tbl_inventario`
--

DROP TABLE IF EXISTS `tbl_inventario`;
/*!40101 SET @saved_cs_client     = @@character_set_client */;
/*!50503 SET character_set_client = utf8mb4 */;
CREATE TABLE `tbl_inventario` (
  `cod_inventario` int NOT NULL AUTO_INCREMENT,
  `fecha` datetime DEFAULT NULL,
  `descripcion` varchar(255) DEFAULT NULL,
  `cantidad` int DEFAULT NULL,
  `cod_producto` int DEFAULT NULL,
  `cod_tipo_inventario` int DEFAULT NULL,
  PRIMARY KEY (`cod_inventario`),
  KEY `TBL_PRODUCTO_COD_PRODUCTO_idx` (`cod_producto`),
  KEY `TBL_TIPO_INVENTARIO_COD_TIPO_INVENTARIO_idx` (`cod_tipo_inventario`),
  CONSTRAINT `Inventario_CodTipoInventario` FOREIGN KEY (`cod_tipo_inventario`) REFERENCES `tbl_tipo_inventario` (`cod_tipo_inventario`),
  CONSTRAINT `InventarioCodProducto` FOREIGN KEY (`cod_producto`) REFERENCES `tbl_producto` (`cod_producto`)
) ENGINE=InnoDB AUTO_INCREMENT=10 DEFAULT CHARSET=utf8mb4 COLLATE=utf8mb4_0900_ai_ci;
/*!40101 SET character_set_client = @saved_cs_client */;

--
-- Dumping data for table `tbl_inventario`
--

LOCK TABLES `tbl_inventario` WRITE;
/*!40000 ALTER TABLE `tbl_inventario` DISABLE KEYS */;
/*!40000 ALTER TABLE `tbl_inventario` ENABLE KEYS */;
UNLOCK TABLES;

--
-- Table structure for table `tbl_kardex`
--

DROP TABLE IF EXISTS `tbl_kardex`;
/*!40101 SET @saved_cs_client     = @@character_set_client */;
/*!50503 SET character_set_client = utf8mb4 */;
CREATE TABLE `tbl_kardex` (
  `cod_kardex` int NOT NULL AUTO_INCREMENT,
  `fecha` datetime DEFAULT NULL,
  `cod_tipo_movimiento` int DEFAULT NULL,
  `cod_producto` int DEFAULT NULL,
  PRIMARY KEY (`cod_kardex`),
  KEY `tbl_Producto_Cod_Producto_idx` (`cod_producto`),
  KEY `Kardex_idTipoMovimiento_idx` (`cod_tipo_movimiento`),
  CONSTRAINT `Kardex_CodProducto` FOREIGN KEY (`cod_producto`) REFERENCES `tbl_producto` (`cod_producto`),
  CONSTRAINT `Kardex_idTipoMovimiento` FOREIGN KEY (`cod_tipo_movimiento`) REFERENCES `tbl_tipo_movimiento` (`cod_tipo_movimiento`)
) ENGINE=InnoDB AUTO_INCREMENT=2 DEFAULT CHARSET=utf8mb4 COLLATE=utf8mb4_0900_ai_ci;
/*!40101 SET character_set_client = @saved_cs_client */;

--
-- Dumping data for table `tbl_kardex`
--

LOCK TABLES `tbl_kardex` WRITE;
/*!40000 ALTER TABLE `tbl_kardex` DISABLE KEYS */;
INSERT INTO `tbl_kardex` VALUES (1,'2023-03-17 00:00:00',1,12);
/*!40000 ALTER TABLE `tbl_kardex` ENABLE KEYS */;
UNLOCK TABLES;

--
-- Table structure for table `tbl_ms_bitacora`
--

DROP TABLE IF EXISTS `tbl_ms_bitacora`;
/*!40101 SET @saved_cs_client     = @@character_set_client */;
/*!50503 SET character_set_client = utf8mb4 */;
CREATE TABLE `tbl_ms_bitacora` (
  `id_bitacora` int NOT NULL AUTO_INCREMENT,
  `fecha` datetime DEFAULT NULL,
  `id_usuario` bigint DEFAULT NULL,
  `id_objeto` bigint DEFAULT NULL,
  `accion` varchar(20) DEFAULT NULL,
  `descripcion` varchar(100) DEFAULT NULL,
  PRIMARY KEY (`id_bitacora`),
  KEY `bitacora_objeto_idx` (`id_objeto`),
  KEY `bitacora_usuario_idx` (`id_usuario`),
  CONSTRAINT `bitacora_objeto` FOREIGN KEY (`id_objeto`) REFERENCES `tbl_ms_objetos` (`id_objeto`),
  CONSTRAINT `bitacora_usuario` FOREIGN KEY (`id_usuario`) REFERENCES `tbl_ms_usuarios` (`id_usuario`)
) ENGINE=InnoDB AUTO_INCREMENT=877 DEFAULT CHARSET=utf8mb4 COLLATE=utf8mb4_0900_ai_ci;
/*!40101 SET character_set_client = @saved_cs_client */;

--
-- Dumping data for table `tbl_ms_bitacora`
--

LOCK TABLES `tbl_ms_bitacora` WRITE;
/*!40000 ALTER TABLE `tbl_ms_bitacora` DISABLE KEYS */;
INSERT INTO `tbl_ms_bitacora` VALUES (1,'2023-03-06 17:09:16',1,2,'INGRESO','INGRESO AL MODULO USUARIOS'),(2,'2023-03-06 17:10:20',1,2,'INGRESO','INGRESO AL SISTEMA'),(3,'2023-03-06 17:10:22',1,2,'INGRESO','INGRESO AL MODULO USUARIOS'),(4,'2023-03-06 17:10:57',1,2,'INGRESO','INGRESO AL MODULO USUARIOS'),(5,'2023-03-06 17:11:07',1,2,'ACTUALIZAR','ACTUALIZACIÓN DE USUARIO'),(6,'2023-03-06 17:11:20',19,2,'INGRESO','INGRESO AL SISTEMA'),(7,'2023-03-06 17:11:23',19,2,'INGRESO','INGRESO AL MODULO USUARIOS'),(8,'2023-03-06 17:48:36',1,2,'INGRESO','INGRESO AL SISTEMA'),(9,'2023-03-06 17:48:38',1,2,'INGRESO','INGRESO AL MODULO USUARIOS'),(10,'2023-03-06 17:49:42',1,2,'INGRESO','INGRESO AL MODULO DE ROLES'),(11,'2023-03-06 17:50:43',1,2,'INGRESO','INGRESO AL MODULO DE ROLES'),(12,'2023-03-06 18:03:58',1,2,'INGRESO','INGRESO AL MODULO DE ROLES'),(13,'2023-03-06 18:04:43',1,2,'INGRESO','INGRESO AL MODULO DE ROLES'),(14,'2023-03-06 23:37:57',1,2,'INGRESO','INGRESO AL SISTEMA'),(15,'2023-03-06 23:42:04',1,2,'INGRESO','INGRESO AL SISTEMA'),(16,'2023-03-06 23:44:59',1,2,'INGRESO','INGRESO AL SISTEMA'),(17,'2023-03-06 23:45:00',1,2,'INGRESO','INGRESO AL MODULO USUARIOS'),(18,'2023-03-06 23:45:18',1,2,'ACTUALIZAR','ACTUALIZACIÓN DE USUARIO'),(19,'2023-03-06 23:45:25',20,2,'INGRESO','INGRESO AL SISTEMA'),(20,'2023-03-06 23:47:06',20,2,'INGRESO','INGRESO AL SISTEMA'),(21,'2023-03-07 00:39:52',20,2,'INGRESO','INGRESO AL SISTEMA'),(22,'2023-03-07 00:43:16',20,2,'INGRESO','INGRESO AL SISTEMA'),(23,'2023-03-07 00:43:55',1,2,'INGRESO','INGRESO AL SISTEMA'),(24,'2023-03-07 00:43:57',1,2,'INGRESO','INGRESO AL MODULO USUARIOS'),(25,'2023-03-07 00:44:16',1,2,'ACTUALIZAR','ACTUALIZACIÓN DE USUARIO'),(26,'2023-03-07 00:44:27',1,2,'INGRESO','INGRESO AL MODULO USUARIOS'),(27,'2023-03-07 00:45:12',1,2,'INGRESO','INGRESO AL SISTEMA'),(28,'2023-03-07 00:45:14',1,2,'INGRESO','INGRESO AL MODULO USUARIOS'),(29,'2023-03-07 00:45:31',1,2,'INGRESO','INGRESO AL MODULO DE ROLES'),(30,'2023-03-07 01:01:54',1,2,'INGRESO','INGRESO AL MODULO DE ROLES'),(31,'2023-03-07 01:02:21',1,2,'INGRESO','INGRESO AL MODULO DE ROLES'),(32,'2023-03-07 01:03:06',1,2,'INGRESO','INGRESO AL MODULO DE ROLES'),(33,'2023-03-07 01:05:30',1,2,'INGRESO','INGRESO AL MODULO USUARIOS'),(34,'2023-03-07 01:05:36',1,2,'INGRESO','INGRESO AL MODULO DE ROLES'),(35,'2023-03-07 01:06:24',1,2,'INGRESO','INGRESO AL MODULO DE ROLES'),(36,'2023-03-07 01:06:41',1,2,'INGRESO','INGRESO AL MODULO DE ROLES'),(37,'2023-03-07 01:09:48',1,2,'INGRESO','INGRESO AL MODULO DE ROLES'),(38,'2023-03-07 01:10:28',1,2,'INGRESO','INGRESO AL MODULO DE ROLES'),(39,'2023-03-07 01:10:49',1,2,'INGRESO','INGRESO AL MODULO DE ROLES'),(40,'2023-03-07 01:11:33',1,2,'INGRESO','INGRESO AL MODULO DE ROLES'),(41,'2023-03-07 01:12:27',1,2,'INGRESO','INGRESO AL MODULO DE ROLES'),(42,'2023-03-07 01:14:13',1,2,'INGRESO','INGRESO AL MODULO DE ROLES'),(43,'2023-03-07 22:02:57',1,2,'INGRESO','INGRESO AL MODULO DE ROLES'),(44,'2023-03-07 22:04:08',1,2,'INGRESO','INGRESO AL SISTEMA'),(45,'2023-03-08 14:49:13',1,2,'INGRESO','INGRESO AL MODULO USUARIOS'),(46,'2023-03-08 14:49:27',1,2,'INGRESO','INGRESO AL MODULO USUARIOS'),(47,'2023-03-08 14:50:17',1,2,'INGRESO','INGRESO AL MODULO USUARIOS'),(48,'2023-03-08 14:52:21',1,2,'INGRESO','INGRESO AL MODULO USUARIOS'),(49,'2023-03-08 15:05:58',1,2,'CREAR','CREACION DE PARAMETRO'),(50,'2023-03-08 15:09:13',1,2,'CREAR','CREACION DE PARAMETRO'),(51,'2023-03-08 15:11:36',1,2,'CREAR','CREACION DE PARAMETRO'),(52,'2023-03-08 15:20:23',1,2,'CREAR','CREACION DE PARAMETRO'),(53,'2023-03-08 15:20:37',1,2,'CREAR','CREACION DE PARAMETRO'),(54,'2023-03-08 15:21:38',1,2,'INGRESO','INGRESO AL MODULO USUARIOS'),(55,'2023-03-08 15:22:09',1,2,'CREAR','CREACION DE USUARIO'),(56,'2023-03-08 15:24:28',1,2,'CREAR','CREACION DE PARAMETRO'),(57,'2023-03-08 15:32:28',1,2,'CREAR','CREACION DE PARAMETRO'),(58,'2023-03-08 15:32:52',1,2,'CREAR','CREACION DE PARAMETRO'),(59,'2023-03-08 15:39:55',1,2,'ACTUALIZAR','ACTUALIZACIÓN DE PARAMETRO'),(60,'2023-03-08 15:40:24',1,2,'ACTUALIZAR','ACTUALIZACIÓN DE PARAMETRO'),(61,'2023-03-08 15:45:36',1,2,'ACTUALIZAR','ACTUALIZACIÓN DE PARAMETRO'),(62,'2023-03-08 16:12:23',1,2,'CREAR','CREACION DE PARAMETRO'),(63,'2023-03-08 16:16:57',1,2,'ACTUALIZAR','ACTUALIZACIÓN DE PARAMETRO'),(64,'2023-03-08 21:41:30',1,2,'INGRESO','INGRESO AL MODULO USUARIOS'),(65,'2023-03-08 21:41:40',1,2,'INGRESO','INGRESO AL MODULO USUARIOS'),(66,'2023-03-08 21:43:05',1,2,'INGRESO','INGRESO AL MODULO USUARIOS'),(67,'2023-03-08 21:43:34',1,2,'INGRESO','INGRESO AL MODULO USUARIOS'),(68,'2023-03-08 23:05:32',1,2,'ACTUALIZAR','ACTUALIZACIÓN DE PARAMETRO'),(69,'2023-03-08 23:12:16',1,2,'ACTUALIZAR','ACTUALIZACIÓN DE PARAMETRO'),(70,'2023-03-08 23:12:31',1,2,'ACTUALIZAR','ACTUALIZACIÓN DE PARAMETRO'),(71,'2023-03-08 23:18:58',1,2,'INGRESO','INGRESO AL MODULO DE ROLES'),(72,'2023-03-08 23:21:46',1,2,'INGRESO','INGRESO AL MODULO DE ROLES'),(73,'2023-03-08 23:22:28',1,2,'CREAR','CREACION DE PARAMETRO'),(74,'2023-03-08 23:26:47',1,2,'ELIMINAR','ELIMINACION DE USUARIO'),(75,'2023-03-08 23:27:23',1,2,'ELIMINAR','ELIMINACION DE USUARIO'),(76,'2023-03-08 23:28:01',1,2,'ELIMINAR','ELIMINACION DE USUARIO'),(77,'2023-03-09 01:03:22',1,2,'CREAR','CREACION DE PARAMETRO'),(78,'2023-03-09 01:03:27',1,2,'ELIMINAR','ELIMINACION DE USUARIO'),(79,'2023-03-09 01:04:05',1,2,'CREAR','CREACION DE PARAMETRO'),(80,'2023-03-09 01:04:17',1,2,'ELIMINAR','ELIMINACION DE USUARIO'),(81,'2023-03-09 01:05:41',1,2,'ACTUALIZAR','ACTUALIZACIÓN DE PARAMETRO'),(82,'2023-03-09 01:05:51',1,2,'ACTUALIZAR','ACTUALIZACIÓN DE PARAMETRO'),(83,'2023-03-09 01:07:37',1,2,'ELIMINAR','ELIMINACION DE USUARIO'),(84,'2023-03-09 01:07:42',1,2,'ELIMINAR','ELIMINACION DE USUARIO'),(85,'2023-03-09 01:07:45',1,2,'ELIMINAR','ELIMINACION DE USUARIO'),(86,'2023-03-09 01:07:48',1,2,'ELIMINAR','ELIMINACION DE USUARIO'),(87,'2023-03-09 01:07:51',1,2,'ELIMINAR','ELIMINACION DE USUARIO'),(88,'2023-03-09 01:08:10',1,2,'CREAR','CREACION DE PARAMETRO'),(89,'2023-03-09 01:08:52',1,2,'CREAR','CREACION DE PARAMETRO'),(90,'2023-03-09 01:09:07',1,2,'CREAR','CREACION DE PARAMETRO'),(91,'2023-03-09 01:09:26',1,2,'CREAR','CREACION DE PARAMETRO'),(92,'2023-03-09 01:09:34',1,2,'ELIMINAR','ELIMINACION DE USUARIO'),(93,'2023-03-09 01:10:01',1,2,'CREAR','CREACION DE PARAMETRO'),(94,'2023-03-09 01:10:09',1,2,'CREAR','CREACION DE PARAMETRO'),(95,'2023-03-09 01:12:00',1,2,'CREAR','CREACION DE PARAMETRO'),(96,'2023-03-09 14:30:22',1,2,'CREAR','CREACION DE PARAMETRO'),(97,'2023-03-09 14:34:12',1,2,'CREAR','CREACION DE PARAMETRO'),(98,'2023-03-09 14:37:18',1,2,'ACTUALIZAR','ACTUALIZACIÓN DE PARAMETRO'),(99,'2023-03-09 14:37:39',1,2,'ACTUALIZAR','ACTUALIZACIÓN DE PARAMETRO'),(100,'2023-03-09 15:28:16',1,2,'INGRESO','INGRESO AL MÓDULO PARAMETROS'),(101,'2023-03-09 15:28:49',1,2,'INGRESO','INGRESO AL MÓDULO PARÁMETROS'),(102,'2023-03-09 15:30:18',1,2,'INGRESO','INGRESO AL MÓDULO PARÁMETROS'),(103,'2023-03-09 15:30:40',1,2,'INGRESO','INGRESO AL MODULO USUARIOS'),(104,'2023-03-09 15:30:44',1,2,'INGRESO','INGRESO AL MODULO USUARIOS'),(105,'2023-03-09 15:30:48',1,2,'INGRESO','INGRESO AL MODULO USUARIOS'),(106,'2023-03-10 01:04:44',1,2,'INGRESO','INGRESO AL SISTEMA'),(107,'2023-03-10 01:04:46',1,2,'INGRESO','INGRESO AL MODULO USUARIOS'),(108,'2023-03-10 01:05:07',1,2,'CREAR','CREACION DE USUARIO'),(109,'2023-03-10 01:23:58',1,2,'INGRESO','INGRESO AL SISTEMA'),(110,'2023-03-10 01:24:01',1,2,'INGRESO','INGRESO AL MODULO USUARIOS'),(111,'2023-03-10 01:24:20',1,2,'CREAR','CREACION DE USUARIO'),(112,'2023-03-10 01:24:31',1,2,'ACTUALIZAR','ACTUALIZACIÓN DE USUARIO'),(113,'2023-03-10 01:45:24',1,2,'INGRESO','INGRESO AL SISTEMA'),(114,'2023-03-10 01:45:27',1,2,'INGRESO','INGRESO AL MODULO USUARIOS'),(115,'2023-03-10 01:47:42',1,2,'INGRESO','INGRESO AL MODULO DE ROLES'),(116,'2023-03-10 01:47:48',1,2,'INGRESO','INGRESO AL MODULO OBJETOS'),(117,'2023-03-10 01:48:23',1,2,'INGRESO','INGRESO AL MÓDULO PARÁMETROS'),(118,'2023-03-10 01:49:47',1,2,'INGRESO','INGRESO AL MÓDULO PARÁMETROS'),(119,'2023-03-10 01:52:56',1,2,'INGRESO','INGRESO AL MÓDULO PARÁMETROS'),(120,'2023-03-10 01:53:29',1,2,'INGRESO','INGRESO AL MÓDULO PARÁMETROS'),(121,'2023-03-10 01:55:48',1,2,'INGRESO','INGRESO AL MÓDULO PARÁMETROS'),(122,'2023-03-10 01:56:40',1,2,'INGRESO','INGRESO AL MÓDULO PARÁMETROS'),(123,'2023-03-10 01:57:03',1,2,'INGRESO','INGRESO AL MÓDULO PARÁMETROS'),(124,'2023-03-10 01:57:41',1,2,'INGRESO','INGRESO AL MÓDULO PARÁMETROS'),(125,'2023-03-10 01:57:58',1,2,'INGRESO','INGRESO AL MÓDULO PARÁMETROS'),(126,'2023-03-10 02:00:28',1,2,'INGRESO','INGRESO AL MÓDULO PARÁMETROS'),(127,'2023-03-10 02:01:16',1,2,'INGRESO','INGRESO AL MÓDULO PARÁMETROS'),(128,'2023-03-10 02:01:27',1,2,'INGRESO','INGRESO AL MÓDULO PARÁMETROS'),(129,'2023-03-10 02:01:44',1,2,'INGRESO','INGRESO AL MÓDULO PARÁMETROS'),(130,'2023-03-10 02:03:31',1,2,'INGRESO','INGRESO AL MÓDULO PARÁMETROS'),(131,'2023-03-10 02:04:09',1,2,'INGRESO','INGRESO AL MÓDULO PARÁMETROS'),(132,'2023-03-10 02:04:50',1,2,'INGRESO','INGRESO AL MÓDULO PARÁMETROS'),(133,'2023-03-10 02:05:12',1,2,'INGRESO','INGRESO AL MÓDULO PARÁMETROS'),(134,'2023-03-10 02:05:27',1,2,'INGRESO','INGRESO AL MÓDULO PARÁMETROS'),(135,'2023-03-10 02:05:37',1,2,'INGRESO','INGRESO AL MÓDULO PARÁMETROS'),(136,'2023-03-10 02:06:02',1,2,'INGRESO','INGRESO AL MÓDULO PARÁMETROS'),(137,'2023-03-10 02:06:29',1,2,'INGRESO','INGRESO AL MÓDULO PARÁMETROS'),(138,'2023-03-10 02:06:41',1,2,'INGRESO','INGRESO AL MÓDULO PARÁMETROS'),(139,'2023-03-10 02:07:25',1,2,'INGRESO','INGRESO AL MÓDULO PARÁMETROS'),(140,'2023-03-10 02:07:39',1,2,'INGRESO','INGRESO AL MÓDULO PARÁMETROS'),(141,'2023-03-10 02:07:48',1,2,'INGRESO','INGRESO AL MÓDULO PARÁMETROS'),(142,'2023-03-10 02:08:01',1,2,'INGRESO','INGRESO AL MÓDULO PARÁMETROS'),(143,'2023-03-10 02:08:32',1,2,'INGRESO','INGRESO AL MÓDULO PARÁMETROS'),(144,'2023-03-10 02:09:09',1,2,'INGRESO','INGRESO AL MÓDULO PARÁMETROS'),(145,'2023-03-10 02:09:32',1,2,'INGRESO','INGRESO AL MÓDULO PARÁMETROS'),(146,'2023-03-10 02:10:27',1,2,'INGRESO','INGRESO AL MÓDULO PARÁMETROS'),(147,'2023-03-10 02:10:55',1,2,'INGRESO','INGRESO AL MÓDULO PARÁMETROS'),(148,'2023-03-10 02:12:22',1,2,'INGRESO','INGRESO AL MÓDULO PARÁMETROS'),(149,'2023-03-10 02:12:34',1,2,'INGRESO','INGRESO AL MÓDULO PARÁMETROS'),(150,'2023-03-10 21:22:42',1,2,'INGRESO','INGRESO AL MÓDULO PARÁMETROS'),(151,'2023-03-10 21:22:57',1,2,'INGRESO','INGRESO AL MODULO USUARIOS'),(152,'2023-03-10 21:23:01',1,2,'INGRESO','INGRESO AL MÓDULO PARÁMETROS'),(153,'2023-03-10 21:24:09',1,2,'ACTUALIZAR','ACTUALIZACIÓN DE PROMOCION'),(154,'2023-03-10 21:24:28',1,2,'ELIMINAR','ELIMINACION DE PROMOCION'),(155,'2023-03-10 21:29:42',1,2,'INGRESO','INGRESO AL MODULO USUARIOS'),(156,'2023-03-10 21:31:13',1,2,'INGRESO','INGRESO AL MODULO OBJETOS'),(157,'2023-03-10 21:31:22',1,2,'ELIMINAR','ELIMINACION DE OBJETO'),(158,'2023-03-10 21:33:38',1,2,'INGRESO','INGRESO AL SISTEMA'),(159,'2023-03-10 21:33:56',1,2,'INGRESO','INGRESO AL MODULO USUARIOS'),(160,'2023-03-10 21:34:05',1,2,'INGRESO','INGRESO AL MODULO OBJETOS'),(161,'2023-03-10 21:34:17',1,2,'ACTUALIZAR','ACTUALIZACIÓN DE OBJETO'),(162,'2023-03-10 21:34:23',1,2,'ACTUALIZAR','ACTUALIZACIÓN DE OBJETO'),(163,'2023-03-10 21:34:38',1,2,'ACTUALIZAR','ACTUALIZACIÓN DE OBJETO'),(164,'2023-03-10 21:34:42',1,2,'ACTUALIZAR','ACTUALIZACIÓN DE OBJETO'),(165,'2023-03-10 21:34:48',1,2,'ACTUALIZAR','ACTUALIZACIÓN DE OBJETO'),(166,'2023-03-10 21:35:36',1,2,'INGRESO','INGRESO AL MÓDULO PARÁMETROS'),(167,'2023-03-10 21:35:49',1,2,'INGRESO','INGRESO AL MÓDULO PARÁMETROS'),(168,'2023-03-10 21:38:30',1,2,'INGRESO','INGRESO AL MÓDULO PARÁMETROS'),(169,'2023-03-10 21:46:30',1,2,'INGRESO','INGRESO AL MODULO DE ROLES'),(170,'2023-03-11 00:08:12',1,2,'INGRESO','INGRESO AL MODULO USUARIOS'),(171,'2023-03-11 00:17:22',1,2,'INGRESO','INGRESO AL MODULO USUARIOS'),(172,'2023-03-11 00:17:54',1,2,'INGRESO','INGRESO AL SISTEMA'),(173,'2023-03-11 00:18:13',1,2,'INGRESO','INGRESO AL SISTEMA'),(174,'2023-03-11 00:18:17',1,2,'INGRESO','INGRESO AL MÓDULO PARÁMETROS'),(175,'2023-03-11 00:18:19',1,2,'INGRESO','INGRESO AL MODULO DE ROLES'),(176,'2023-03-11 00:18:25',1,2,'INGRESO','INGRESO AL MÓDULO PARÁMETROS'),(177,'2023-03-11 00:18:28',1,2,'INGRESO','INGRESO AL MODULO DE ROLES'),(178,'2023-03-11 00:18:55',1,2,'INGRESO','INGRESO AL SISTEMA'),(179,'2023-03-11 00:22:10',1,2,'INGRESO','INGRESO AL MODULO USUARIOS'),(180,'2023-03-11 00:22:13',1,2,'INGRESO','INGRESO AL MODULO USUARIOS'),(181,'2023-03-11 00:22:19',1,2,'INGRESO','INGRESO AL MÓDULO PARÁMETROS'),(182,'2023-03-11 00:22:37',1,2,'INGRESO','INGRESO AL MODULO USUARIOS'),(183,'2023-03-11 00:22:42',1,2,'ELIMINAR','ELIMINACION DE USUARIO'),(184,'2023-03-11 00:23:25',1,2,'CREAR','CREACION DE USUARIO'),(185,'2023-03-11 00:29:57',1,2,'INGRESO','INGRESO AL MÓDULO PARÁMETROS'),(186,'2023-03-11 00:30:16',1,2,'CREAR','CREACIÓN DE PARÁMETRO'),(187,'2023-03-11 00:30:26',1,2,'CREAR','CREACIÓN DE PARÁMETRO'),(188,'2023-03-11 00:30:47',1,2,'ELIMINAR','ELIMINACION DE USUARIO'),(189,'2023-03-11 00:31:16',1,2,'INGRESO','INGRESO AL MÓDULO PARÁMETROS'),(190,'2023-03-11 00:31:39',1,2,'CREAR','CREACIÓN DE PARÁMETRO'),(191,'2023-03-11 00:31:45',1,2,'ELIMINAR','ELIMINACION DE USUARIO'),(192,'2023-03-11 00:31:49',1,2,'ELIMINAR','ELIMINACION DE USUARIO'),(193,'2023-03-11 00:33:43',1,2,'INGRESO','INGRESO AL MÓDULO PARÁMETROS'),(194,'2023-03-11 00:54:45',1,2,'INGRESO','INGRESO AL MÓDULO PARÁMETROS'),(195,'2023-03-11 00:56:53',1,2,'INGRESO','INGRESO AL MÓDULO PARÁMETROS'),(196,'2023-03-11 00:59:27',1,2,'INGRESO','INGRESO AL MÓDULO PARÁMETROS'),(197,'2023-03-11 00:59:42',1,2,'ELIMINAR','ELIMINACION DE USUARIO'),(198,'2023-03-11 01:14:55',1,2,'INGRESO','INGRESO AL MODULO USUARIOS'),(199,'2023-03-11 01:15:15',1,2,'ACTUALIZAR','ACTUALIZACIÓN DE USUARIO'),(200,'2023-03-11 01:15:50',104,2,'INGRESO','INGRESO AL SISTEMA'),(201,'2023-03-11 01:15:59',1,2,'INGRESO','INGRESO AL SISTEMA'),(202,'2023-03-11 01:16:01',1,2,'INGRESO','INGRESO AL MODULO USUARIOS'),(203,'2023-03-11 01:17:38',1,2,'INGRESO','INGRESO AL MODULO USUARIOS'),(204,'2023-03-11 01:17:50',1,2,'INGRESO','INGRESO AL MODULO USUARIOS'),(205,'2023-03-11 01:18:27',1,2,'INGRESO','INGRESO AL MODULO USUARIOS'),(206,'2023-03-11 01:19:06',1,2,'INGRESO','INGRESO AL MODULO USUARIOS'),(207,'2023-03-11 01:19:35',1,2,'CREAR','CREACION DE USUARIO'),(208,'2023-03-11 01:20:01',1,2,'ELIMINAR','ELIMINACION DE USUARIO'),(209,'2023-03-11 01:36:56',1,2,'INGRESO','INGRESO AL MODULO USUARIOS'),(210,'2023-03-11 01:37:09',1,2,'ACTUALIZAR','ACTUALIZACIÓN DE USUARIO'),(211,'2023-03-11 01:38:34',1,2,'INGRESO','INGRESO AL MODULO USUARIOS'),(212,'2023-03-11 01:41:52',1,2,'INGRESO','INGRESO AL MODULO USUARIOS'),(213,'2023-03-11 01:42:03',1,2,'ACTUALIZAR','ACTUALIZACIÓN DE USUARIO'),(214,'2023-03-11 01:42:15',1,2,'INGRESO','INGRESO AL MODULO USUARIOS'),(215,'2023-03-11 01:42:38',1,2,'INGRESO','INGRESO AL MODULO USUARIOS'),(216,'2023-03-11 01:42:46',1,2,'ACTUALIZAR','ACTUALIZACIÓN DE USUARIO'),(217,'2023-03-11 01:42:58',1,2,'INGRESO','INGRESO AL MODULO USUARIOS'),(218,'2023-03-11 01:43:14',1,2,'ACTUALIZAR','ACTUALIZACIÓN DE USUARIO'),(219,'2023-03-11 01:48:57',1,2,'INGRESO','INGRESO AL MODULO USUARIOS'),(220,'2023-03-11 01:50:38',1,2,'INGRESO','INGRESO AL MODULO USUARIOS'),(221,'2023-03-11 01:50:47',1,2,'INGRESO','INGRESO AL MODULO USUARIOS'),(222,'2023-03-11 01:50:55',1,2,'ACTUALIZAR','ACTUALIZACIÓN DE USUARIO'),(223,'2023-03-11 01:51:04',1,2,'INGRESO','INGRESO AL MODULO USUARIOS'),(224,'2023-03-11 01:53:55',1,2,'ACTUALIZAR','ACTUALIZACIÓN DE USUARIO'),(225,'2023-03-11 01:54:02',1,2,'INGRESO','INGRESO AL MODULO USUARIOS'),(226,'2023-03-11 01:54:18',1,2,'INGRESO','INGRESO AL MODULO USUARIOS'),(227,'2023-03-11 01:56:24',1,2,'INGRESO','INGRESO AL MODULO USUARIOS'),(228,'2023-03-11 01:56:31',1,2,'ACTUALIZAR','ACTUALIZACIÓN DE USUARIO'),(229,'2023-03-11 01:56:42',1,2,'INGRESO','INGRESO AL MODULO USUARIOS'),(230,'2023-03-11 01:58:04',1,2,'ACTUALIZAR','ACTUALIZACIÓN DE USUARIO'),(231,'2023-03-11 01:58:14',1,2,'INGRESO','INGRESO AL MODULO USUARIOS'),(232,'2023-03-11 01:59:21',1,2,'INGRESO','INGRESO AL MODULO USUARIOS'),(233,'2023-03-11 01:59:27',1,2,'ACTUALIZAR','ACTUALIZACIÓN DE USUARIO'),(234,'2023-03-11 01:59:37',1,2,'ACTUALIZAR','ACTUALIZACIÓN DE USUARIO'),(235,'2023-03-11 01:59:44',1,2,'ACTUALIZAR','ACTUALIZACIÓN DE USUARIO'),(236,'2023-03-11 02:01:43',1,2,'INGRESO','INGRESO AL MODULO USUARIOS'),(237,'2023-03-11 02:01:59',1,2,'INGRESO','INGRESO AL MODULO USUARIOS'),(238,'2023-03-11 02:02:25',1,2,'ELIMINAR','ELIMINACION DE USUARIO'),(239,'2023-03-11 02:02:43',1,2,'ACTUALIZAR','ACTUALIZACIÓN DE USUARIO'),(240,'2023-03-11 02:08:14',1,2,'INGRESO','INGRESO AL MODULO USUARIOS'),(241,'2023-03-11 02:08:28',1,2,'ACTUALIZAR','ACTUALIZACIÓN DE USUARIO'),(242,'2023-03-11 02:09:09',1,2,'CREAR','CREACION DE USUARIO'),(243,'2023-03-11 02:09:14',1,2,'ELIMINAR','ELIMINACION DE USUARIO'),(244,'2023-03-11 02:12:12',1,2,'INGRESO','INGRESO AL MODULO USUARIOS'),(245,'2023-03-11 02:12:21',1,2,'ACTUALIZAR','ACTUALIZACIÓN DE USUARIO'),(246,'2023-03-13 01:34:27',1,2,'INGRESO','INGRESO AL MODULO USUARIOS'),(247,'2023-03-13 01:40:03',1,2,'INGRESO','INGRESO AL MODULO USUARIOS'),(248,'2023-03-13 01:40:22',1,2,'INGRESO','INGRESO AL MODULO USUARIOS'),(249,'2023-03-13 01:41:38',1,2,'INGRESO','INGRESO AL MODULO USUARIOS'),(250,'2023-03-13 01:55:24',1,2,'INGRESO','INGRESO AL MODULO USUARIOS'),(251,'2023-03-13 01:55:54',1,2,'CREAR','CREACION DE USUARIO'),(252,'2023-03-13 02:03:25',1,2,'INGRESO','INGRESO AL MODULO USUARIOS'),(253,'2023-03-13 02:04:47',1,2,'INGRESO','INGRESO AL MODULO USUARIOS'),(254,'2023-03-13 02:06:13',1,2,'INGRESO','INGRESO AL MODULO USUARIOS'),(255,'2023-03-13 02:11:29',1,2,'INGRESO','INGRESO AL MODULO USUARIOS'),(256,'2023-03-13 02:11:45',1,2,'CREAR','CREACION DE USUARIO'),(257,'2023-03-13 02:29:20',1,2,'INGRESO','INGRESO AL MODULO USUARIOS'),(258,'2023-03-13 02:30:16',1,2,'CREAR','CREACION DE USUARIO'),(259,'2023-03-13 02:30:31',1,2,'ELIMINAR','ELIMINACION DE USUARIO'),(260,'2023-03-13 02:37:49',1,2,'INGRESO','INGRESO AL MODULO USUARIOS'),(261,'2023-03-13 02:39:59',1,2,'CREAR','CREACION DE USUARIO'),(262,'2023-03-13 02:40:04',1,2,'ELIMINAR','ELIMINACION DE USUARIO'),(263,'2023-03-13 02:40:08',1,2,'ELIMINAR','ELIMINACION DE USUARIO'),(264,'2023-03-13 02:40:34',1,2,'ACTUALIZAR','ACTUALIZACIÓN DE USUARIO'),(265,'2023-03-13 02:42:53',1,2,'INGRESO','INGRESO AL MODULO USUARIOS'),(266,'2023-03-13 02:43:45',1,2,'INGRESO','INGRESO AL SISTEMA'),(267,'2023-03-13 02:43:47',1,2,'INGRESO','INGRESO AL MODULO USUARIOS'),(268,'2023-03-13 02:44:11',1,2,'INGRESO','INGRESO AL SISTEMA'),(269,'2023-03-13 02:44:13',1,2,'INGRESO','INGRESO AL MODULO USUARIOS'),(270,'2023-03-13 21:17:30',1,2,'INGRESO','INGRESO AL SISTEMA'),(271,'2023-03-13 21:19:42',1,2,'INGRESO','INGRESO AL MÓDULO PARÁMETROS'),(272,'2023-03-13 21:32:38',1,2,'INGRESO','INGRESO AL MODULO USUARIOS'),(273,'2023-03-13 21:40:46',1,2,'INGRESO','INGRESO AL MODULO USUARIOS'),(274,'2023-03-13 21:40:54',1,2,'ACTUALIZAR','ACTUALIZACIÓN DE USUARIO'),(275,'2023-03-13 21:41:34',1,2,'CREAR','CREACION DE USUARIO'),(276,'2023-03-13 21:41:47',1,2,'ELIMINAR','ELIMINACION DE USUARIO'),(277,'2023-03-13 21:47:25',1,2,'ACTUALIZAR','ACTUALIZACIÓN DE USUARIO'),(278,'2023-03-13 21:53:20',19,2,'INGRESO','INGRESO AL SISTEMA'),(279,'2023-03-13 22:05:08',1,2,'INGRESO','INGRESO AL SISTEMA'),(280,'2023-03-13 22:05:10',1,2,'INGRESO','INGRESO AL MODULO USUARIOS'),(281,'2023-03-13 22:05:27',1,2,'ACTUALIZAR','ACTUALIZACIÓN DE USUARIO'),(282,'2023-03-13 22:05:38',19,2,'INGRESO','INGRESO AL SISTEMA'),(283,'2023-03-13 22:07:50',1,2,'INGRESO','INGRESO AL SISTEMA'),(284,'2023-03-14 01:01:32',1,2,'INGRESO','INGRESO AL MODULO USUARIOS'),(285,'2023-03-14 01:01:57',1,2,'INGRESO','INGRESO AL SISTEMA'),(286,'2023-03-14 01:01:59',1,2,'INGRESO','INGRESO AL MODULO USUARIOS'),(287,'2023-03-14 01:02:04',1,2,'ACTUALIZAR','ACTUALIZACIÓN DE USUARIO'),(288,'2023-03-14 01:14:00',1,2,'INGRESO','INGRESO AL SISTEMA'),(289,'2023-03-14 01:14:02',1,2,'INGRESO','INGRESO AL MODULO USUARIOS'),(290,'2023-03-14 01:14:24',1,2,'CREAR','CREACION DE USUARIO'),(291,'2023-03-14 01:23:28',1,2,'ACTUALIZAR','ACTUALIZACIÓN DE USUARIO'),(292,'2023-03-14 01:23:56',1,2,'CREAR','CREACION DE USUARIO'),(293,'2023-03-14 01:24:04',1,2,'INGRESO','INGRESO AL MODULO USUARIOS'),(294,'2023-03-14 01:29:56',1,2,'INGRESO','INGRESO AL MODULO USUARIOS'),(295,'2023-03-14 01:30:06',1,2,'ELIMINAR','ELIMINACION DE USUARIO'),(296,'2023-03-14 01:30:16',1,2,'CREAR','CREACION DE USUARIO'),(297,'2023-03-14 01:30:23',1,2,'INGRESO','INGRESO AL MODULO USUARIOS'),(298,'2023-03-14 01:42:18',1,2,'INGRESO','INGRESO AL SISTEMA'),(299,'2023-03-14 01:42:42',1,2,'INGRESO','INGRESO AL MODULO USUARIOS'),(300,'2023-03-14 01:42:50',1,2,'ELIMINAR','ELIMINACION DE USUARIO'),(301,'2023-03-14 01:42:55',1,2,'ELIMINAR','ELIMINACION DE USUARIO'),(302,'2023-03-14 01:43:12',1,2,'CREAR','CREACION DE USUARIO'),(303,'2023-03-14 01:43:18',1,2,'INGRESO','INGRESO AL MODULO USUARIOS'),(304,'2023-03-14 01:44:19',1,2,'ELIMINAR','ELIMINACION DE USUARIO'),(305,'2023-03-14 01:44:41',1,2,'CREAR','CREACION DE USUARIO'),(306,'2023-03-14 01:46:56',1,2,'INGRESO','INGRESO AL MODULO USUARIOS'),(307,'2023-03-14 01:47:10',1,2,'ELIMINAR','ELIMINACION DE USUARIO'),(308,'2023-03-14 01:47:42',1,2,'CREAR','CREACION DE USUARIO'),(309,'2023-03-14 01:49:14',1,2,'INGRESO','INGRESO AL MODULO USUARIOS'),(310,'2023-03-14 01:49:19',1,2,'INGRESO','INGRESO AL MODULO USUARIOS'),(311,'2023-03-14 01:49:29',1,2,'ELIMINAR','ELIMINACION DE USUARIO'),(312,'2023-03-14 01:49:45',1,2,'CREAR','CREACION DE USUARIO'),(313,'2023-03-14 01:50:37',1,2,'INGRESO','INGRESO AL MODULO USUARIOS'),(314,'2023-03-14 01:51:12',1,2,'CREAR','CREACION DE USUARIO'),(315,'2023-03-14 01:51:37',1,2,'ELIMINAR','ELIMINACION DE USUARIO'),(316,'2023-03-14 01:52:03',1,2,'CREAR','CREACION DE USUARIO'),(317,'2023-03-14 01:59:53',1,2,'INGRESO','INGRESO AL MODULO USUARIOS'),(318,'2023-03-14 01:59:59',1,2,'ELIMINAR','ELIMINACION DE USUARIO'),(319,'2023-03-14 02:00:15',1,2,'CREAR','CREACION DE USUARIO'),(320,'2023-03-14 20:56:25',1,2,'INGRESO','INGRESO AL SISTEMA'),(321,'2023-03-14 20:56:27',1,2,'INGRESO','INGRESO AL MODULO USUARIOS'),(322,'2023-03-14 21:00:25',1,2,'INGRESO','INGRESO AL MODULO USUARIOS'),(323,'2023-03-14 21:02:30',1,2,'INGRESO','INGRESO AL MODULO USUARIOS'),(324,'2023-03-14 21:08:06',1,2,'INGRESO','INGRESO AL SISTEMA'),(325,'2023-03-14 21:08:08',1,2,'INGRESO','INGRESO AL MODULO USUARIOS'),(326,'2023-03-14 21:09:01',1,2,'INGRESO','INGRESO AL MODULO USUARIOS'),(327,'2023-03-14 21:10:17',1,2,'INGRESO','INGRESO AL MODULO USUARIOS'),(328,'2023-03-14 21:16:46',1,2,'INGRESO','INGRESO AL MODULO USUARIOS'),(329,'2023-03-14 21:17:30',1,2,'INGRESO','INGRESO AL MODULO USUARIOS'),(330,'2023-03-14 21:18:06',1,2,'INGRESO','INGRESO AL MODULO USUARIOS'),(331,'2023-03-14 21:18:30',1,2,'INGRESO','INGRESO AL MODULO USUARIOS'),(332,'2023-03-15 18:11:56',1,2,'INGRESO','INGRESO AL SISTEMA'),(333,'2023-03-15 18:11:59',1,2,'INGRESO','INGRESO AL MODULO USUARIOS'),(334,'2023-03-15 18:12:07',1,2,'ELIMINAR','ELIMINACION DE USUARIO'),(335,'2023-03-15 18:12:21',1,2,'CREAR','CREACION DE USUARIO'),(336,'2023-03-15 18:13:04',1,2,'INGRESO','INGRESO AL MODULO USUARIOS'),(337,'2023-03-15 18:13:09',1,2,'ELIMINAR','ELIMINACION DE USUARIO'),(338,'2023-03-15 18:13:40',1,2,'CREAR','CREACION DE USUARIO'),(339,'2023-03-15 18:13:56',1,2,'INGRESO','INGRESO AL MODULO USUARIOS'),(340,'2023-03-15 18:14:02',1,2,'ELIMINAR','ELIMINACION DE USUARIO'),(341,'2023-03-15 18:14:18',1,2,'CREAR','CREACION DE USUARIO'),(342,'2023-03-15 18:14:21',1,2,'INGRESO','INGRESO AL MODULO USUARIOS'),(343,'2023-03-15 18:14:39',1,2,'INGRESO','INGRESO AL MODULO USUARIOS'),(344,'2023-03-15 18:14:45',1,2,'INGRESO','INGRESO AL MODULO USUARIOS'),(345,'2023-03-15 18:14:50',1,2,'ELIMINAR','ELIMINACION DE USUARIO'),(346,'2023-03-15 18:15:13',1,2,'CREAR','CREACION DE USUARIO'),(347,'2023-03-15 19:12:15',1,2,'INGRESO','INGRESO AL MODULO USUARIOS'),(348,'2023-03-15 19:12:23',1,2,'ELIMINAR','ELIMINACION DE USUARIO'),(349,'2023-03-15 19:12:29',1,2,'CREAR','CREACION DE USUARIO'),(350,'2023-03-15 19:13:54',1,2,'INGRESO','INGRESO AL MODULO USUARIOS'),(351,'2023-03-15 19:16:53',1,2,'INGRESO','INGRESO AL SISTEMA'),(352,'2023-03-15 19:16:54',1,2,'INGRESO','INGRESO AL MODULO USUARIOS'),(353,'2023-03-15 19:17:19',1,2,'ELIMINAR','ELIMINACION DE USUARIO'),(354,'2023-03-15 19:17:40',1,2,'CREAR','CREACION DE USUARIO'),(355,'2023-03-15 19:22:47',1,2,'INGRESO','INGRESO AL MODULO USUARIOS'),(356,'2023-03-15 19:22:57',1,2,'ELIMINAR','ELIMINACION DE USUARIO'),(357,'2023-03-15 19:23:05',1,2,'CREAR','CREACION DE USUARIO'),(358,'2023-03-15 19:23:10',1,2,'INGRESO','INGRESO AL MODULO USUARIOS'),(359,'2023-03-15 19:23:37',1,2,'ELIMINAR','ELIMINACION DE USUARIO'),(360,'2023-03-15 19:24:02',1,2,'CREAR','CREACION DE USUARIO'),(361,'2023-03-15 19:37:10',1,2,'INGRESO','INGRESO AL SISTEMA'),(362,'2023-03-15 19:37:11',1,2,'INGRESO','INGRESO AL MODULO USUARIOS'),(363,'2023-03-15 19:37:19',1,2,'ACTUALIZAR','ACTUALIZACIÓN DE USUARIO'),(364,'2023-03-15 19:37:28',1,2,'ACTUALIZAR','ACTUALIZACIÓN DE USUARIO'),(365,'2023-03-15 19:37:41',1,2,'ELIMINAR','ELIMINACION DE USUARIO'),(366,'2023-03-15 19:37:52',1,2,'ELIMINAR','ELIMINACION DE USUARIO'),(367,'2023-03-15 19:37:57',1,2,'ELIMINAR','ELIMINACION DE USUARIO'),(368,'2023-03-15 19:38:16',1,2,'CREAR','CREACION DE USUARIO'),(369,'2023-03-15 19:39:06',1,2,'CREAR','CREACION DE USUARIO'),(370,'2023-03-15 19:45:03',1,2,'INGRESO','INGRESO AL SISTEMA'),(371,'2023-03-15 19:45:05',1,2,'INGRESO','INGRESO AL MODULO USUARIOS'),(372,'2023-03-15 19:47:39',1,2,'INGRESO','INGRESO AL MODULO USUARIOS'),(373,'2023-03-15 19:49:28',1,2,'INGRESO','INGRESO AL MODULO USUARIOS'),(374,'2023-03-15 20:41:47',1,2,'INGRESO','INGRESO AL SISTEMA'),(375,'2023-03-15 20:41:48',1,2,'INGRESO','INGRESO AL MODULO USUARIOS'),(376,'2023-03-15 20:41:53',1,2,'ELIMINAR','ELIMINACION DE USUARIO'),(377,'2023-03-15 20:42:05',1,2,'ELIMINAR','ELIMINACION DE USUARIO'),(378,'2023-03-15 20:42:13',1,2,'ELIMINAR','ELIMINACION DE USUARIO'),(379,'2023-03-15 20:42:32',1,2,'ACTUALIZAR','ACTUALIZACIÓN DE USUARIO'),(380,'2023-03-15 20:43:29',1,2,'CREAR','CREACION DE USUARIO'),(381,'2023-03-15 20:44:03',1,2,'CREAR','CREACION DE USUARIO'),(382,'2023-03-15 20:47:46',1,2,'INGRESO','INGRESO AL MODULO USUARIOS'),(383,'2023-03-15 20:48:40',1,2,'ELIMINAR','ELIMINACION DE USUARIO'),(384,'2023-03-15 20:48:46',1,2,'ELIMINAR','ELIMINACION DE USUARIO'),(385,'2023-03-15 20:49:00',1,2,'CREAR','CREACION DE USUARIO'),(386,'2023-03-15 20:49:18',1,2,'CREAR','CREACION DE USUARIO'),(387,'2023-03-15 20:50:32',1,2,'INGRESO','INGRESO AL SISTEMA'),(388,'2023-03-15 21:46:42',1,2,'INGRESO','INGRESO AL SISTEMA'),(389,'2023-03-15 21:46:44',1,2,'INGRESO','INGRESO AL MODULO USUARIOS'),(390,'2023-03-15 21:47:37',1,2,'INGRESO','INGRESO AL MODULO USUARIOS'),(391,'2023-03-15 21:49:35',1,2,'INGRESO','INGRESO AL MODULO USUARIOS'),(392,'2023-03-15 21:50:03',1,2,'ACTUALIZAR','ACTUALIZACIÓN DE USUARIO'),(393,'2023-03-15 21:53:50',1,2,'INGRESO','INGRESO AL SISTEMA'),(394,'2023-03-15 21:53:52',1,2,'INGRESO','INGRESO AL MODULO USUARIOS'),(395,'2023-03-15 21:53:55',1,2,'INGRESO','INGRESO AL MÓDULO PARÁMETROS'),(396,'2023-03-15 21:54:42',1,2,'INGRESO','INGRESO AL MODULO USUARIOS'),(397,'2023-03-15 21:54:47',1,2,'INGRESO','INGRESO AL MODULO DE ROLES'),(398,'2023-03-15 21:55:28',1,2,'INGRESO','INGRESO AL MÓDULO PARÁMETROS'),(399,'2023-03-15 21:57:15',1,2,'INGRESO','INGRESO AL MODULO USUARIOS'),(400,'2023-03-15 21:57:37',1,2,'ELIMINAR','ELIMINACION DE USUARIO'),(401,'2023-03-15 21:57:54',1,2,'CREAR','CREACION DE USUARIO'),(402,'2023-03-15 22:10:39',1,2,'INGRESO','INGRESO AL SISTEMA'),(403,'2023-03-15 22:10:41',1,2,'INGRESO','INGRESO AL MODULO USUARIOS'),(404,'2023-03-15 22:10:51',1,2,'ACTUALIZAR','ACTUALIZACIÓN DE USUARIO'),(405,'2023-03-15 22:36:27',1,2,'INGRESO','INGRESO AL SISTEMA'),(406,'2023-03-15 22:36:29',1,2,'INGRESO','INGRESO AL MODULO USUARIOS'),(407,'2023-03-16 00:40:18',1,2,'INGRESO','INGRESO AL SISTEMA'),(408,'2023-03-16 00:44:26',136,2,'INGRESO','INGRESO AL SISTEMA'),(409,'2023-03-16 00:44:29',136,2,'INGRESO','INGRESO AL MODULO USUARIOS'),(410,'2023-03-16 00:46:10',1,2,'INGRESO','INGRESO AL SISTEMA'),(411,'2023-03-16 00:47:35',1,2,'INGRESO','INGRESO AL SISTEMA'),(412,'2023-03-16 00:47:36',1,2,'INGRESO','INGRESO AL MODULO USUARIOS'),(413,'2023-03-16 00:47:47',1,2,'ELIMINAR','ELIMINACION DE USUARIO'),(414,'2023-03-16 00:48:08',1,2,'CREAR','CREACION DE USUARIO'),(415,'2023-03-16 00:48:41',1,2,'ELIMINAR','ELIMINACION DE USUARIO'),(416,'2023-03-16 00:49:44',1,2,'INGRESO','INGRESO AL SISTEMA'),(417,'2023-03-16 00:49:46',1,2,'INGRESO','INGRESO AL MODULO USUARIOS'),(418,'2023-03-16 01:00:25',1,2,'INGRESO','INGRESO AL SISTEMA'),(419,'2023-03-16 01:00:26',1,2,'INGRESO','INGRESO AL MODULO USUARIOS'),(420,'2023-03-16 01:00:46',1,2,'ACTUALIZAR','ACTUALIZACIÓN DE USUARIO'),(421,'2023-03-16 01:00:54',1,2,'ACTUALIZAR','ACTUALIZACIÓN DE USUARIO'),(422,'2023-03-16 17:28:13',136,2,'INGRESO','INGRESO AL SISTEMA'),(423,'2023-03-16 17:28:42',1,2,'INGRESO','INGRESO AL SISTEMA'),(424,'2023-03-16 17:28:44',1,2,'INGRESO','INGRESO AL MODULO USUARIOS'),(425,'2023-03-16 17:36:14',1,2,'INGRESO','INGRESO AL SISTEMA'),(426,'2023-03-16 17:36:15',1,2,'INGRESO','INGRESO AL MODULO USUARIOS'),(427,'2023-03-16 17:44:27',1,2,'INGRESO','INGRESO AL SISTEMA'),(428,'2023-03-16 17:44:30',1,2,'INGRESO','INGRESO AL MODULO USUARIOS'),(429,'2023-03-16 17:44:46',1,2,'CREAR','CREACION DE USUARIO'),(430,'2023-03-16 17:48:44',1,2,'INGRESO','INGRESO AL MODULO USUARIOS'),(431,'2023-03-16 17:53:16',1,2,'INGRESO','INGRESO AL MÓDULO PARÁMETROS'),(432,'2023-03-16 17:59:17',1,2,'INGRESO','INGRESO AL MODULO USUARIOS'),(433,'2023-03-16 17:59:30',1,2,'ELIMINAR','ELIMINACION DE USUARIO'),(434,'2023-03-16 17:59:42',1,2,'CREAR','CREACION DE USUARIO'),(435,'2023-03-16 17:59:47',1,2,'INGRESO','INGRESO AL MODULO USUARIOS'),(436,'2023-03-16 17:59:51',1,2,'ELIMINAR','ELIMINACION DE USUARIO'),(437,'2023-03-16 18:00:10',1,2,'CREAR','CREACION DE USUARIO'),(438,'2023-03-16 18:06:27',1,2,'INGRESO','INGRESO AL MODULO USUARIOS'),(439,'2023-03-16 18:06:35',1,2,'ELIMINAR','ELIMINACION DE USUARIO'),(440,'2023-03-16 18:06:38',1,2,'INGRESO','INGRESO AL MODULO USUARIOS'),(441,'2023-03-16 18:06:48',1,2,'CREAR','CREACION DE USUARIO'),(442,'2023-03-16 18:06:54',1,2,'INGRESO','INGRESO AL MODULO USUARIOS'),(443,'2023-03-16 18:07:32',1,2,'INGRESO','INGRESO AL MODULO USUARIOS'),(444,'2023-03-16 18:07:43',1,2,'ELIMINAR','ELIMINACION DE USUARIO'),(445,'2023-03-16 18:07:51',1,2,'CREAR','CREACION DE USUARIO'),(446,'2023-03-16 18:07:55',1,2,'INGRESO','INGRESO AL MODULO USUARIOS'),(447,'2023-03-16 18:07:59',1,2,'ELIMINAR','ELIMINACION DE USUARIO'),(448,'2023-03-16 18:08:17',1,2,'CREAR','CREACION DE USUARIO'),(449,'2023-03-16 18:09:11',1,2,'INGRESO','INGRESO AL MODULO USUARIOS'),(450,'2023-03-16 18:09:20',1,2,'ELIMINAR','ELIMINACION DE USUARIO'),(451,'2023-03-16 18:09:24',1,2,'INGRESO','INGRESO AL MODULO USUARIOS'),(452,'2023-03-16 18:09:42',1,2,'CREAR','CREACION DE USUARIO'),(453,'2023-03-16 18:16:57',1,2,'INGRESO','INGRESO AL MODULO USUARIOS'),(454,'2023-03-16 18:17:18',1,2,'INGRESO','INGRESO AL MODULO USUARIOS'),(455,'2023-03-16 18:17:29',1,2,'ELIMINAR','ELIMINACION DE USUARIO'),(456,'2023-03-16 18:17:44',1,2,'CREAR','CREACION DE USUARIO'),(457,'2023-03-16 18:18:26',1,2,'INGRESO','INGRESO AL MODULO USUARIOS'),(458,'2023-03-16 18:18:35',1,2,'ELIMINAR','ELIMINACION DE USUARIO'),(459,'2023-03-16 18:18:47',1,2,'INGRESO','INGRESO AL MODULO USUARIOS'),(460,'2023-03-16 18:18:58',1,2,'INGRESO','INGRESO AL MODULO USUARIOS'),(461,'2023-03-16 18:19:16',1,2,'CREAR','CREACION DE USUARIO'),(462,'2023-03-16 18:23:24',1,2,'INGRESO','INGRESO AL MODULO USUARIOS'),(463,'2023-03-16 18:23:35',1,2,'CREAR','CREACION DE USUARIO'),(464,'2023-03-16 18:23:42',1,2,'ELIMINAR','ELIMINACION DE USUARIO'),(465,'2023-03-16 18:23:44',1,2,'INGRESO','INGRESO AL MODULO USUARIOS'),(466,'2023-03-16 18:29:20',1,2,'INGRESO','INGRESO AL MODULO USUARIOS'),(467,'2023-03-16 18:29:26',1,2,'ELIMINAR','ELIMINACION DE USUARIO'),(468,'2023-03-16 18:29:58',1,2,'CREAR','CREACION DE USUARIO'),(469,'2023-03-16 18:31:11',1,2,'INGRESO','INGRESO AL MODULO USUARIOS'),(470,'2023-03-16 18:31:15',1,2,'ELIMINAR','ELIMINACION DE USUARIO'),(471,'2023-03-16 18:32:06',1,2,'INGRESO','INGRESO AL MODULO USUARIOS'),(472,'2023-03-16 18:32:27',1,2,'INGRESO','INGRESO AL SISTEMA'),(473,'2023-03-16 18:32:29',1,2,'INGRESO','INGRESO AL MODULO USUARIOS'),(474,'2023-03-16 18:32:49',1,2,'CREAR','CREACION DE USUARIO'),(475,'2023-03-16 18:36:21',1,2,'INGRESO','INGRESO AL MODULO USUARIOS'),(476,'2023-03-16 18:36:44',1,2,'CREAR','CREACION DE USUARIO'),(477,'2023-03-16 18:37:00',1,2,'INGRESO','INGRESO AL MODULO USUARIOS'),(478,'2023-03-16 18:37:23',1,2,'INGRESO','INGRESO AL MODULO USUARIOS'),(479,'2023-03-16 18:37:47',1,2,'CREAR','CREACION DE USUARIO'),(480,'2023-03-16 19:50:31',1,2,'INGRESO','INGRESO AL MODULO USUARIOS'),(481,'2023-03-16 19:51:00',1,2,'INGRESO','INGRESO AL MODULO USUARIOS'),(482,'2023-03-16 19:51:26',1,2,'ELIMINAR','ELIMINACION DE USUARIO'),(483,'2023-03-16 19:51:31',1,2,'ELIMINAR','ELIMINACION DE USUARIO'),(484,'2023-03-16 19:51:38',1,2,'ELIMINAR','ELIMINACION DE USUARIO'),(485,'2023-03-16 19:51:52',1,2,'INGRESO','INGRESO AL MODULO USUARIOS'),(486,'2023-03-16 19:52:39',1,2,'INGRESO','INGRESO AL MODULO USUARIOS'),(487,'2023-03-16 19:52:51',1,2,'INGRESO','INGRESO AL SISTEMA'),(488,'2023-03-16 19:52:53',1,2,'INGRESO','INGRESO AL MODULO USUARIOS'),(489,'2023-03-16 19:53:15',1,2,'INGRESO','INGRESO AL MODULO USUARIOS'),(490,'2023-03-16 19:54:10',1,2,'INGRESO','INGRESO AL SISTEMA'),(491,'2023-03-16 19:54:12',1,2,'INGRESO','INGRESO AL MODULO USUARIOS'),(492,'2023-03-16 19:54:59',1,2,'INGRESO','INGRESO AL MODULO USUARIOS'),(493,'2023-03-16 19:56:17',1,2,'INGRESO','INGRESO AL MODULO USUARIOS'),(494,'2023-03-16 20:13:00',1,2,'INGRESO','INGRESO AL SISTEMA'),(495,'2023-03-16 20:13:01',1,2,'INGRESO','INGRESO AL MODULO USUARIOS'),(496,'2023-03-16 20:14:00',1,2,'INGRESO','INGRESO AL MODULO USUARIOS'),(497,'2023-03-16 20:14:11',1,2,'CREAR','CREACION DE USUARIO'),(498,'2023-03-16 20:14:28',1,2,'INGRESO','INGRESO AL MODULO USUARIOS'),(499,'2023-03-16 20:14:34',1,2,'ELIMINAR','ELIMINACION DE USUARIO'),(500,'2023-03-16 20:14:56',1,2,'INGRESO','INGRESO AL MODULO USUARIOS'),(501,'2023-03-16 20:16:12',1,2,'CREAR','CREACION DE USUARIO'),(502,'2023-03-16 20:24:58',1,2,'INGRESO','INGRESO AL SISTEMA'),(503,'2023-03-16 20:25:00',1,2,'INGRESO','INGRESO AL MODULO USUARIOS'),(504,'2023-03-16 20:25:12',1,2,'CREAR','CREACION DE USUARIO'),(505,'2023-03-16 20:25:16',1,2,'ELIMINAR','ELIMINACION DE USUARIO'),(506,'2023-03-16 20:25:23',1,2,'ELIMINAR','ELIMINACION DE USUARIO'),(507,'2023-03-16 20:33:33',1,2,'INGRESO','INGRESO AL MODULO USUARIOS'),(508,'2023-03-16 20:33:55',1,2,'CREAR','CREACION DE USUARIO'),(509,'2023-03-16 20:34:00',1,2,'INGRESO','INGRESO AL MODULO USUARIOS'),(510,'2023-03-16 20:34:05',1,2,'ELIMINAR','ELIMINACION DE USUARIO'),(511,'2023-03-16 20:34:27',1,2,'CREAR','CREACION DE USUARIO'),(512,'2023-03-16 20:36:00',1,2,'INGRESO','INGRESO AL MODULO USUARIOS'),(513,'2023-03-16 20:36:14',1,2,'INGRESO','INGRESO AL MODULO USUARIOS'),(514,'2023-03-16 20:36:20',1,2,'ELIMINAR','ELIMINACION DE USUARIO'),(515,'2023-03-16 20:37:02',1,2,'CREAR','CREACION DE USUARIO'),(516,'2023-03-16 20:38:35',1,2,'INGRESO','INGRESO AL MODULO USUARIOS'),(517,'2023-03-16 20:38:47',1,2,'ELIMINAR','ELIMINACION DE USUARIO'),(518,'2023-03-16 20:38:54',1,2,'CREAR','CREACION DE USUARIO'),(519,'2023-03-16 20:38:59',1,2,'INGRESO','INGRESO AL MODULO USUARIOS'),(520,'2023-03-16 20:39:03',1,2,'ELIMINAR','ELIMINACION DE USUARIO'),(521,'2023-03-16 20:39:10',1,2,'INGRESO','INGRESO AL MODULO USUARIOS'),(522,'2023-03-16 20:39:27',1,2,'CREAR','CREACION DE USUARIO'),(523,'2023-03-16 21:23:43',1,2,'INGRESO','INGRESO AL MODULO USUARIOS'),(524,'2023-03-16 21:23:59',1,2,'INGRESO','INGRESO AL MODULO USUARIOS'),(525,'2023-03-16 21:24:13',1,2,'CREAR','CREACION DE USUARIO'),(526,'2023-03-16 21:24:25',1,2,'INGRESO','INGRESO AL MODULO USUARIOS'),(527,'2023-03-16 21:24:54',1,2,'ELIMINAR','ELIMINACION DE USUARIO'),(528,'2023-03-16 21:24:57',1,2,'ELIMINAR','ELIMINACION DE USUARIO'),(529,'2023-03-16 21:25:14',1,2,'CREAR','CREACION DE USUARIO'),(530,'2023-03-16 21:25:31',1,2,'INGRESO','INGRESO AL MODULO USUARIOS'),(531,'2023-03-16 21:25:55',1,2,'CREAR','CREACION DE USUARIO'),(532,'2023-03-16 21:27:27',1,2,'INGRESO','INGRESO AL MODULO USUARIOS'),(533,'2023-03-16 21:32:15',1,2,'INGRESO','INGRESO AL MODULO USUARIOS'),(534,'2023-03-16 21:35:53',1,2,'ACTUALIZAR','ACTUALIZACIÓN DE USUARIO'),(535,'2023-03-17 19:01:44',1,2,'INGRESO','INGRESO AL SISTEMA'),(536,'2023-03-17 19:01:46',1,2,'INGRESO','INGRESO AL MODULO USUARIOS'),(537,'2023-03-17 19:03:40',1,2,'INGRESO','INGRESO AL MODULO USUARIOS'),(538,'2023-03-17 19:07:02',1,2,'INGRESO','INGRESO AL MODULO USUARIOS'),(539,'2023-03-17 19:07:08',1,2,'INGRESO','INGRESO AL MODULO USUARIOS'),(540,'2023-03-17 19:08:33',1,2,'INGRESO','INGRESO AL MODULO USUARIOS'),(541,'2023-03-17 19:08:53',1,2,'INGRESO','INGRESO AL SISTEMA'),(542,'2023-03-17 19:08:54',1,2,'INGRESO','INGRESO AL MODULO USUARIOS'),(543,'2023-03-17 19:10:56',1,2,'INGRESO','INGRESO AL MODULO USUARIOS'),(544,'2023-03-17 19:12:33',1,2,'INGRESO','INGRESO AL MODULO USUARIOS'),(545,'2023-03-17 19:12:39',1,2,'INGRESO','INGRESO AL MODULO USUARIOS'),(546,'2023-03-17 19:14:06',1,2,'INGRESO','INGRESO AL MODULO USUARIOS'),(547,'2023-03-17 19:14:35',1,2,'INGRESO','INGRESO AL MODULO USUARIOS'),(548,'2023-03-17 20:03:26',1,2,'INGRESO','INGRESO AL MODULO USUARIOS'),(549,'2023-03-17 20:03:33',1,2,'INGRESO','INGRESO AL MÓDULO PARÁMETROS'),(550,'2023-03-17 20:04:04',1,2,'INGRESO','INGRESO AL MÓDULO PARÁMETROS'),(551,'2023-03-17 20:04:36',1,2,'INGRESO','INGRESO AL MÓDULO PARÁMETROS'),(552,'2023-03-17 20:49:05',1,2,'INGRESO','INGRESO AL MÓDULO PARÁMETROS'),(553,'2023-03-17 20:49:15',1,2,'INGRESO','INGRESO AL MÓDULO PARÁMETROS'),(554,'2023-03-17 21:02:04',1,2,'INGRESO','INGRESO AL MÓDULO PARÁMETROS'),(555,'2023-03-17 21:18:13',1,2,'INGRESO','INGRESO AL MODULO USUARIOS'),(556,'2023-03-17 23:10:04',1,2,'INGRESO','INGRESO AL MODULO USUARIOS'),(557,'2023-03-17 23:11:10',1,2,'INGRESO','INGRESO AL MODULO USUARIOS'),(558,'2023-03-17 23:11:20',1,2,'INGRESO','INGRESO AL MODULO USUARIOS'),(559,'2023-03-17 23:11:33',1,2,'INGRESO','INGRESO AL SISTEMA'),(560,'2023-03-17 23:13:06',1,2,'INGRESO','INGRESO AL SISTEMA'),(561,'2023-03-17 23:13:08',1,2,'INGRESO','INGRESO AL MODULO USUARIOS'),(562,'2023-03-17 23:49:11',1,2,'INGRESO','INGRESO AL MODULO USUARIOS'),(563,'2023-03-17 23:49:14',1,2,'INGRESO','INGRESO AL MODULO USUARIOS'),(564,'2023-03-17 23:49:44',1,2,'INGRESO','INGRESO AL MODULO USUARIOS'),(565,'2023-03-18 00:00:28',1,2,'INGRESO','INGRESO AL MODULO USUARIOS'),(566,'2023-03-18 00:21:24',1,2,'INGRESO','INGRESO AL SISTEMA'),(567,'2023-03-18 00:21:25',1,2,'INGRESO','INGRESO AL MODULO USUARIOS'),(568,'2023-03-18 18:13:39',1,2,'INGRESO','INGRESO AL SISTEMA'),(569,'2023-03-18 18:13:41',1,2,'INGRESO','INGRESO AL MODULO USUARIOS'),(570,'2023-03-18 18:16:07',1,2,'INGRESO','INGRESO AL SISTEMA'),(571,'2023-03-18 18:16:08',1,2,'INGRESO','INGRESO AL MODULO USUARIOS'),(572,'2023-03-18 18:17:06',1,2,'INGRESO','INGRESO AL SISTEMA'),(573,'2023-03-18 18:17:07',1,2,'INGRESO','INGRESO AL MODULO USUARIOS'),(574,'2023-03-18 18:17:40',1,2,'INGRESO','INGRESO AL SISTEMA'),(575,'2023-03-18 18:17:41',1,2,'INGRESO','INGRESO AL MODULO USUARIOS'),(576,'2023-03-18 18:17:51',1,2,'ACTUALIZAR','ACTUALIZACIÓN DE USUARIO'),(577,'2023-03-18 18:19:06',162,2,'INGRESO','INGRESO AL SISTEMA'),(578,'2023-03-18 18:23:28',1,2,'INGRESO','INGRESO AL SISTEMA'),(579,'2023-03-18 18:23:29',1,2,'INGRESO','INGRESO AL MODULO USUARIOS'),(580,'2023-03-18 18:26:15',1,2,'INGRESO','INGRESO AL SISTEMA'),(581,'2023-03-19 00:18:09',1,2,'INGRESO','INGRESO AL SISTEMA'),(582,'2023-03-19 00:36:30',1,2,'INGRESO','INGRESO AL SISTEMA'),(583,'2023-03-19 00:37:45',1,2,'INGRESO','INGRESO AL SISTEMA'),(584,'2023-03-19 00:44:50',1,2,'INGRESO','INGRESO AL SISTEMA'),(585,'2023-03-19 00:52:13',1,2,'INGRESO','INGRESO AL SISTEMA'),(586,'2023-03-19 00:55:43',1,2,'INGRESO','INGRESO AL SISTEMA'),(587,'2023-03-19 00:55:45',1,2,'INGRESO','INGRESO AL MODULO USUARIOS'),(588,'2023-03-19 00:56:43',1,2,'INGRESO','INGRESO AL SISTEMA'),(589,'2023-03-19 00:56:45',1,2,'INGRESO','INGRESO AL MODULO USUARIOS'),(590,'2023-03-19 00:58:37',1,2,'INGRESO','INGRESO AL SISTEMA'),(591,'2023-03-19 00:59:02',1,2,'INGRESO','INGRESO AL SISTEMA'),(592,'2023-03-19 00:59:29',1,2,'INGRESO','INGRESO AL SISTEMA'),(593,'2023-03-19 01:01:42',1,2,'INGRESO','INGRESO AL SISTEMA'),(594,'2023-03-19 01:04:58',1,2,'INGRESO','INGRESO AL SISTEMA'),(595,'2023-03-19 01:09:23',1,2,'INGRESO','INGRESO AL SISTEMA'),(596,'2023-03-19 01:10:03',1,2,'INGRESO','INGRESO AL SISTEMA'),(597,'2023-03-19 01:10:23',1,2,'INGRESO','INGRESO AL MODULO USUARIOS'),(598,'2023-03-19 01:10:38',1,2,'ACTUALIZAR','ACTUALIZACIÓN DE USUARIO'),(599,'2023-03-19 01:10:48',162,2,'INGRESO','INGRESO AL SISTEMA'),(600,'2023-03-19 01:14:36',162,2,'INGRESO','INGRESO AL SISTEMA'),(601,'2023-03-19 01:16:52',1,2,'INGRESO','INGRESO AL SISTEMA'),(602,'2023-03-19 01:25:45',1,2,'INGRESO','INGRESO AL SISTEMA'),(603,'2023-03-19 01:25:49',1,2,'INGRESO','INGRESO AL MODULO USUARIOS'),(604,'2023-03-19 01:26:45',1,2,'INGRESO','INGRESO AL MODULO USUARIOS'),(605,'2023-03-19 01:27:33',1,2,'INGRESO','INGRESO AL MODULO USUARIOS'),(606,'2023-03-19 01:29:11',1,2,'INGRESO','INGRESO AL MODULO USUARIOS'),(607,'2023-03-19 01:29:23',1,2,'INGRESO','INGRESO AL MODULO USUARIOS'),(608,'2023-03-19 01:29:35',1,2,'INGRESO','INGRESO AL MODULO USUARIOS'),(609,'2023-03-19 01:30:19',1,2,'INGRESO','INGRESO AL MODULO USUARIOS'),(610,'2023-03-19 01:36:48',1,2,'INGRESO','INGRESO AL MODULO USUARIOS'),(611,'2023-03-19 01:49:01',1,2,'INGRESO','INGRESO AL MODULO USUARIOS'),(612,'2023-03-19 01:49:30',1,2,'ACTUALIZAR','ACTUALIZACIÓN DE USUARIO'),(613,'2023-03-19 01:49:46',1,2,'CREAR','CREACION DE USUARIO'),(614,'2023-03-19 01:52:55',1,2,'INGRESO','INGRESO AL MODULO USUARIOS'),(615,'2023-03-19 01:52:58',1,2,'ELIMINAR','ELIMINACION DE USUARIO'),(616,'2023-03-19 01:53:20',1,2,'CREAR','CREACION DE USUARIO'),(617,'2023-03-20 10:44:39',1,2,'INGRESO','INGRESO AL MODULO USUARIOS'),(618,'2023-03-20 10:55:10',1,2,'INGRESO','INGRESO AL SISTEMA'),(619,'2023-03-20 10:55:12',1,2,'INGRESO','INGRESO AL MODULO USUARIOS'),(620,'2023-03-20 10:55:27',1,2,'ACTUALIZAR','ACTUALIZACIÓN DE USUARIO'),(621,'2023-03-20 10:55:36',1,2,'ACTUALIZAR','ACTUALIZACIÓN DE USUARIO'),(622,'2023-03-20 10:55:48',162,2,'INGRESO','INGRESO AL SISTEMA'),(623,'2023-03-21 11:30:06',1,2,'INGRESO','INGRESO AL SISTEMA'),(624,'2023-03-21 11:30:09',1,2,'INGRESO','INGRESO AL MODULO USUARIOS'),(625,'2023-03-21 11:46:26',1,2,'INGRESO','INGRESO AL MODULO USUARIOS'),(626,'2023-03-21 12:01:08',1,2,'INGRESO','INGRESO AL SISTEMA'),(627,'2023-03-21 12:01:14',1,2,'INGRESO','INGRESO AL MODULO USUARIOS'),(628,'2023-03-21 12:12:34',1,2,'INGRESO','INGRESO AL MODULO USUARIOS'),(629,'2023-03-21 12:17:33',1,2,'INGRESO','INGRESO AL MODULO USUARIOS'),(630,'2023-03-21 12:17:54',1,2,'INGRESO','INGRESO AL MODULO USUARIOS'),(631,'2023-03-21 12:19:33',1,2,'INGRESO','INGRESO AL MODULO USUARIOS'),(632,'2023-03-21 12:21:03',1,2,'INGRESO','INGRESO AL MODULO USUARIOS'),(633,'2023-03-21 12:25:38',1,2,'INGRESO','INGRESO AL MODULO USUARIOS'),(634,'2023-03-21 12:30:59',1,2,'INGRESO','INGRESO AL MODULO USUARIOS'),(635,'2023-03-21 12:31:27',1,2,'INGRESO','INGRESO AL MODULO USUARIOS'),(636,'2023-03-21 12:33:18',1,2,'INGRESO','INGRESO AL MODULO USUARIOS'),(637,'2023-03-21 12:35:13',1,2,'INGRESO','INGRESO AL MODULO USUARIOS'),(638,'2023-03-21 12:35:58',1,2,'INGRESO','INGRESO AL MODULO USUARIOS'),(639,'2023-03-21 12:37:33',1,2,'INGRESO','INGRESO AL MODULO USUARIOS'),(640,'2023-03-21 12:37:49',1,2,'INGRESO','INGRESO AL MODULO USUARIOS'),(641,'2023-03-21 12:39:04',1,2,'INGRESO','INGRESO AL MODULO USUARIOS'),(642,'2023-03-21 12:46:42',1,2,'INGRESO','INGRESO AL MODULO USUARIOS'),(643,'2023-03-21 12:47:56',1,2,'INGRESO','INGRESO AL MODULO USUARIOS'),(644,'2023-03-21 12:49:46',1,2,'INGRESO','INGRESO AL MODULO USUARIOS'),(645,'2023-03-21 13:01:58',1,2,'INGRESO','INGRESO AL MODULO USUARIOS'),(646,'2023-03-21 13:02:13',1,2,'INGRESO','INGRESO AL MODULO USUARIOS'),(647,'2023-03-21 18:26:54',1,2,'INGRESO','INGRESO AL MODULO USUARIOS'),(648,'2023-03-21 19:27:17',1,2,'INGRESO','INGRESO AL SISTEMA'),(649,'2023-03-21 19:38:08',1,2,'INGRESO','INGRESO AL MÓDULO PREGUNTAS'),(650,'2023-03-21 19:38:17',1,2,'CREAR','CREACIÓN DE PREGUNTA'),(651,'2023-03-21 19:38:21',1,2,'ACTUALIZAR','ACTUALIZACIÓN DE PREGUNTA'),(652,'2023-03-21 19:38:25',1,2,'ELIMINAR','ELIMINACION DE PREGUNTA'),(653,'2023-03-21 19:39:40',1,2,'INGRESO','INGRESO AL MÓDULO PREGUNTAS'),(654,'2023-03-21 19:40:10',1,2,'INGRESO','INGRESO AL MÓDULO PREGUNTAS'),(655,'2023-03-21 19:40:49',1,2,'INGRESO','INGRESO AL MÓDULO PREGUNTAS'),(656,'2023-03-21 19:41:01',1,2,'INGRESO','INGRESO AL MÓDULO PREGUNTAS'),(657,'2023-03-21 19:41:45',1,2,'INGRESO','INGRESO AL MÓDULO PREGUNTAS'),(658,'2023-03-21 19:41:46',1,2,'INGRESO','INGRESO AL MÓDULO PREGUNTAS'),(659,'2023-03-21 19:42:16',1,2,'INGRESO','INGRESO AL MÓDULO PREGUNTAS'),(660,'2023-03-21 19:42:48',1,2,'INGRESO','INGRESO AL MÓDULO PREGUNTAS'),(661,'2023-03-21 19:43:05',1,2,'INGRESO','INGRESO AL MÓDULO PREGUNTAS'),(662,'2023-03-21 19:43:15',1,2,'INGRESO','INGRESO AL MÓDULO PREGUNTAS'),(663,'2023-03-21 19:43:36',1,2,'INGRESO','INGRESO AL MÓDULO PREGUNTAS'),(664,'2023-03-21 19:44:26',1,2,'INGRESO','INGRESO AL MÓDULO PREGUNTAS'),(665,'2023-03-21 19:45:21',1,2,'INGRESO','INGRESO AL MÓDULO PREGUNTAS'),(666,'2023-03-21 20:03:49',1,2,'INGRESO','INGRESO AL MÓDULO PREGUNTAS'),(667,'2023-03-21 20:04:01',1,2,'INGRESO','INGRESO AL MÓDULO PARÁMETROS'),(668,'2023-03-21 20:04:14',1,2,'CREAR','CREACIÓN DE PARÁMETRO'),(669,'2023-03-21 20:04:25',1,2,'ACTUALIZAR','ACTUALIZACIÓN DE PARAMETRO'),(670,'2023-03-21 20:04:39',1,2,'ELIMINAR','ELIMINACION DE USUARIO'),(671,'2023-03-21 20:04:45',1,2,'ELIMINAR','ELIMINACION DE USUARIO'),(672,'2023-03-21 20:05:17',1,2,'INGRESO','INGRESO AL MÓDULO PARÁMETROS'),(673,'2023-03-21 20:28:35',1,2,'INGRESO','INGRESO AL MODULO USUARIOS'),(674,'2023-03-21 20:49:08',1,2,'INGRESO','INGRESO AL MODULO USUARIOS'),(675,'2023-03-21 20:56:16',1,2,'INGRESO','INGRESO AL MODULO USUARIOS'),(676,'2023-03-21 21:41:26',1,2,'INGRESO','INGRESO AL MODULO USUARIOS'),(677,'2023-03-21 23:34:35',1,2,'INGRESO','INGRESO AL MODULO USUARIOS'),(678,'2023-03-21 23:41:45',1,2,'INGRESO','INGRESO AL MODULO USUARIOS'),(679,'2023-03-21 23:42:18',1,2,'INGRESO','INGRESO AL MODULO USUARIOS'),(680,'2023-03-21 23:42:23',1,2,'ACTUALIZAR','ACTUALIZACIÓN DE USUARIO'),(681,'2023-03-21 23:42:58',1,2,'INGRESO','INGRESO AL MODULO USUARIOS'),(682,'2023-03-21 23:43:20',1,2,'ACTUALIZAR','ACTUALIZACIÓN DE USUARIO'),(683,'2023-03-21 23:43:22',1,2,'CERRAR SESION','USUARIO CERRO SESION'),(684,'2023-03-21 23:43:39',1,2,'INGRESO','INGRESO AL SISTEMA'),(685,'2023-03-21 23:43:41',1,2,'INGRESO','INGRESO AL MODULO USUARIOS'),(686,'2023-03-21 23:43:56',1,2,'ACTUALIZAR','ACTUALIZACIÓN DE USUARIO'),(687,'2023-03-21 23:43:58',1,2,'CERRAR SESION','USUARIO CERRO SESION'),(688,'2023-03-21 23:44:04',162,2,'INGRESO','INGRESO AL SISTEMA'),(689,'2023-03-21 23:44:06',162,2,'CERRAR SESION','USUARIO CERRO SESION'),(690,'2023-03-21 23:44:11',1,2,'INGRESO','INGRESO AL SISTEMA'),(691,'2023-03-21 23:44:14',1,2,'INGRESO','INGRESO AL MODULO USUARIOS'),(692,'2023-03-21 23:44:23',1,2,'ACTUALIZAR','ACTUALIZACIÓN DE USUARIO'),(693,'2023-03-21 23:44:33',1,2,'ACTUALIZAR','ACTUALIZACIÓN DE USUARIO'),(694,'2023-03-21 23:44:37',1,2,'CERRAR SESION','USUARIO CERRO SESION'),(695,'2023-03-21 23:44:43',162,2,'INGRESO','INGRESO AL SISTEMA'),(696,'2023-03-21 23:44:45',162,2,'INGRESO','INGRESO AL MODULO USUARIOS'),(697,'2023-03-21 23:44:49',162,2,'CERRAR SESION','USUARIO CERRO SESION'),(698,'2023-03-21 23:51:40',1,2,'INGRESO','INGRESO AL SISTEMA'),(699,'2023-03-21 23:51:42',1,2,'INGRESO','INGRESO AL MODULO USUARIOS'),(700,'2023-03-21 23:51:50',1,2,'CREAR','CREACION DE USUARIO'),(701,'2023-03-21 23:52:01',1,2,'ELIMINAR','ELIMINACION DE USUARIO'),(702,'2023-03-21 23:55:08',1,2,'INGRESO','INGRESO AL MODULO USUARIOS'),(703,'2023-03-21 23:57:22',1,2,'INGRESO','INGRESO AL MODULO USUARIOS'),(704,'2023-03-21 23:57:36',1,2,'CREAR','CREACION DE USUARIO'),(705,'2023-03-22 00:00:17',1,2,'INGRESO','INGRESO AL MODULO USUARIOS'),(706,'2023-03-22 00:06:33',1,2,'INGRESO','INGRESO AL MODULO USUARIOS'),(707,'2023-03-22 00:06:48',1,2,'CREAR','CREACION DE USUARIO'),(708,'2023-03-22 00:06:53',1,2,'ELIMINAR','ELIMINACION DE USUARIO'),(709,'2023-03-22 00:15:35',1,2,'INGRESO','INGRESO AL MODULO USUARIOS'),(710,'2023-03-22 00:20:11',1,2,'INGRESO','INGRESO AL MODULO USUARIOS'),(711,'2023-03-22 00:20:40',1,2,'ACTUALIZAR','ACTUALIZACIÓN DE USUARIO'),(712,'2023-03-22 00:20:44',1,2,'INGRESO','INGRESO AL MODULO USUARIOS'),(713,'2023-03-22 00:23:23',1,2,'INGRESO','INGRESO AL MODULO USUARIOS'),(714,'2023-03-22 00:23:59',1,2,'INGRESO','INGRESO AL MODULO USUARIOS'),(715,'2023-03-22 00:27:50',1,2,'INGRESO','INGRESO AL MODULO USUARIOS'),(716,'2023-03-22 00:28:53',1,2,'INGRESO','INGRESO AL MODULO USUARIOS'),(717,'2023-03-22 00:33:10',1,2,'INGRESO','INGRESO AL MODULO USUARIOS'),(718,'2023-03-22 00:33:19',1,2,'ACTUALIZAR','ACTUALIZACIÓN DE USUARIO'),(719,'2023-03-22 00:33:28',1,2,'ACTUALIZAR','ACTUALIZACIÓN DE USUARIO'),(720,'2023-03-22 00:39:46',1,2,'INGRESO','INGRESO AL MODULO USUARIOS'),(721,'2023-03-22 00:39:56',1,2,'CREAR','CREACION DE USUARIO'),(722,'2023-03-22 00:40:02',1,2,'ELIMINAR','ELIMINACION DE USUARIO'),(723,'2023-03-22 00:40:04',1,2,'ELIMINAR','ELIMINACION DE USUARIO'),(724,'2023-03-22 00:40:08',1,2,'ELIMINAR','ELIMINACION DE USUARIO'),(725,'2023-03-22 00:43:54',1,2,'INGRESO','INGRESO AL MODULO USUARIOS'),(726,'2023-03-22 00:44:09',1,2,'CREAR','CREACION DE USUARIO'),(727,'2023-03-22 00:44:39',1,2,'CREAR','CREACION DE USUARIO'),(728,'2023-03-22 01:31:35',1,2,'INGRESO','INGRESO AL MODULO USUARIOS'),(729,'2023-03-22 01:31:46',1,2,'CREAR','CREACION DE USUARIO'),(730,'2023-03-22 01:32:45',1,2,'INGRESO','INGRESO AL MODULO USUARIOS'),(731,'2023-03-22 01:32:51',1,2,'ACTUALIZAR','ACTUALIZACIÓN DE USUARIO'),(732,'2023-03-22 01:33:04',1,2,'ACTUALIZAR','ACTUALIZACIÓN DE USUARIO'),(733,'2023-03-22 01:33:18',1,2,'CREAR','CREACION DE USUARIO'),(734,'2023-03-22 01:33:40',1,2,'ELIMINAR','ELIMINACION DE USUARIO'),(735,'2023-03-22 01:33:43',1,2,'ELIMINAR','ELIMINACION DE USUARIO'),(736,'2023-03-22 01:34:51',1,2,'INGRESO','INGRESO AL MODULO USUARIOS'),(737,'2023-03-22 01:35:20',1,2,'CREAR','CREACION DE USUARIO'),(738,'2023-03-22 01:35:28',1,2,'ACTUALIZAR','ACTUALIZACIÓN DE USUARIO'),(739,'2023-03-22 02:20:14',1,2,'INGRESO','INGRESO AL MODULO USUARIOS'),(740,'2023-03-22 02:20:44',1,2,'INGRESO','INGRESO AL MODULO USUARIOS'),(741,'2023-03-22 02:23:54',1,2,'INGRESO','INGRESO AL MODULO USUARIOS'),(742,'2023-03-22 02:26:14',1,2,'INGRESO','INGRESO AL MODULO USUARIOS'),(743,'2023-03-22 02:26:43',1,2,'INGRESO','INGRESO AL MÓDULO PROMOCION'),(744,'2023-03-22 02:26:53',1,2,'INGRESO','INGRESO AL MODULO DE ROLES'),(745,'2023-03-22 02:27:08',1,2,'INGRESO','INGRESO AL MODULO USUARIOS'),(746,'2023-03-22 02:32:30',1,2,'INGRESO','INGRESO AL MODULO USUARIOS'),(747,'2023-03-22 02:37:17',1,2,'INGRESO','INGRESO AL MODULO USUARIOS'),(748,'2023-03-22 02:41:29',1,2,'INGRESO','INGRESO AL MODULO USUARIOS'),(749,'2023-03-22 02:42:03',1,2,'INGRESO','INGRESO AL MODULO USUARIOS'),(750,'2023-03-22 02:43:12',1,2,'INGRESO','INGRESO AL MODULO USUARIOS'),(751,'2023-03-22 02:44:07',1,2,'CREAR','CREACION DE USUARIO'),(752,'2023-03-22 02:45:17',1,2,'ACTUALIZAR','ACTUALIZACIÓN DE USUARIO'),(753,'2023-03-22 02:45:25',1,2,'ACTUALIZAR','ACTUALIZACIÓN DE USUARIO'),(754,'2023-03-22 02:47:02',1,2,'INGRESO','INGRESO AL MODULO USUARIOS'),(755,'2023-03-22 02:51:52',1,2,'INGRESO','INGRESO AL MODULO USUARIOS'),(756,'2023-03-22 02:52:03',1,2,'INGRESO','INGRESO AL MODULO USUARIOS'),(757,'2023-03-22 02:52:34',1,2,'INGRESO','INGRESO AL MODULO USUARIOS'),(758,'2023-03-22 02:54:26',1,2,'INGRESO','INGRESO AL MODULO USUARIOS'),(759,'2023-03-22 02:56:46',1,2,'INGRESO','INGRESO AL MODULO USUARIOS'),(760,'2023-03-22 02:56:48',1,2,'CERRAR SESION','USUARIO CERRO SESION'),(761,'2023-03-22 02:57:02',1,2,'INGRESO','INGRESO AL SISTEMA'),(762,'2023-03-22 02:57:04',1,2,'INGRESO','INGRESO AL MODULO USUARIOS'),(763,'2023-03-22 03:00:56',1,2,'INGRESO','INGRESO AL MODULO USUARIOS'),(764,'2023-03-22 03:07:55',1,2,'INGRESO','INGRESO AL MODULO USUARIOS'),(765,'2023-03-22 03:08:44',1,2,'INGRESO','INGRESO AL MODULO USUARIOS'),(766,'2023-03-22 03:09:25',1,2,'INGRESO','INGRESO AL MODULO USUARIOS'),(767,'2023-03-22 03:10:43',1,2,'INGRESO','INGRESO AL MODULO USUARIOS'),(768,'2023-03-22 03:12:32',1,2,'INGRESO','INGRESO AL MODULO USUARIOS'),(769,'2023-03-22 03:12:36',1,2,'ACTUALIZAR','ACTUALIZACIÓN DE USUARIO'),(770,'2023-03-22 03:12:47',1,2,'ACTUALIZAR','ACTUALIZACIÓN DE USUARIO'),(771,'2023-03-22 03:13:30',1,2,'CREAR','CREACION DE USUARIO'),(772,'2023-03-22 03:14:37',1,2,'INGRESO','INGRESO AL MODULO USUARIOS'),(773,'2023-03-22 03:15:15',1,2,'INGRESO','INGRESO AL MODULO USUARIOS'),(774,'2023-03-22 03:16:46',1,2,'INGRESO','INGRESO AL MODULO USUARIOS'),(775,'2023-03-22 03:17:22',1,2,'CREAR','CREACION DE USUARIO'),(776,'2023-03-22 03:19:25',1,2,'INGRESO','INGRESO AL MODULO USUARIOS'),(777,'2023-03-22 03:19:32',1,2,'CREAR','CREACION DE USUARIO'),(778,'2023-03-22 03:20:21',1,2,'INGRESO','INGRESO AL MODULO USUARIOS'),(779,'2023-03-22 03:20:24',1,2,'ELIMINAR','ELIMINACION DE USUARIO'),(780,'2023-03-22 03:20:27',1,2,'ELIMINAR','ELIMINACION DE USUARIO'),(781,'2023-03-22 03:20:31',1,2,'ELIMINAR','ELIMINACION DE USUARIO'),(782,'2023-03-22 03:20:35',1,2,'ELIMINAR','ELIMINACION DE USUARIO'),(783,'2023-03-22 03:20:38',1,2,'ELIMINAR','ELIMINACION DE USUARIO'),(784,'2023-03-22 03:20:41',1,2,'ELIMINAR','ELIMINACION DE USUARIO'),(785,'2023-03-22 03:20:45',1,2,'ELIMINAR','ELIMINACION DE USUARIO'),(786,'2023-03-22 03:21:17',1,2,'INGRESO','INGRESO AL MODULO USUARIOS'),(787,'2023-03-22 03:21:28',1,2,'ACTUALIZAR','ACTUALIZACIÓN DE USUARIO'),(788,'2023-03-22 03:21:32',1,2,'ACTUALIZAR','ACTUALIZACIÓN DE USUARIO'),(789,'2023-03-22 03:22:38',1,2,'INGRESO','INGRESO AL MODULO USUARIOS'),(790,'2023-03-22 03:23:21',1,2,'INGRESO','INGRESO AL MODULO USUARIOS'),(791,'2023-03-22 03:24:50',1,2,'INGRESO','INGRESO AL MODULO USUARIOS'),(792,'2023-03-22 03:25:02',1,2,'CERRAR SESION','USUARIO CERRO SESION'),(793,'2023-03-22 03:26:10',1,2,'INGRESO','INGRESO AL SISTEMA'),(794,'2023-03-22 03:26:11',1,2,'INGRESO','INGRESO AL MODULO USUARIOS'),(795,'2023-03-22 03:26:45',1,2,'CREAR','CREACION DE USUARIO'),(796,'2023-03-22 03:26:56',1,2,'ACTUALIZAR','ACTUALIZACIÓN DE USUARIO'),(797,'2023-03-22 03:27:14',1,2,'ACTUALIZAR','ACTUALIZACIÓN DE USUARIO'),(798,'2023-03-22 03:27:43',1,2,'INGRESO','INGRESO AL MODULO USUARIOS'),(799,'2023-03-22 03:31:12',1,2,'INGRESO','INGRESO AL MODULO USUARIOS'),(800,'2023-03-22 03:31:58',1,2,'INGRESO','INGRESO AL MODULO USUARIOS'),(801,'2023-03-22 03:32:48',1,2,'INGRESO','INGRESO AL MODULO USUARIOS'),(802,'2023-03-22 03:33:24',1,2,'INGRESO','INGRESO AL MODULO USUARIOS'),(803,'2023-03-22 03:35:16',1,2,'INGRESO','INGRESO AL MODULO USUARIOS'),(804,'2023-03-22 03:36:06',1,2,'CERRAR SESION','USUARIO CERRO SESION'),(805,'2023-03-22 03:36:19',1,2,'INGRESO','INGRESO AL SISTEMA'),(806,'2023-03-22 03:36:21',1,2,'INGRESO','INGRESO AL MODULO USUARIOS'),(807,'2023-03-22 03:38:11',1,2,'INGRESO','INGRESO AL MODULO USUARIOS'),(808,'2023-03-22 03:38:43',1,2,'INGRESO','INGRESO AL MODULO USUARIOS'),(809,'2023-03-22 03:41:17',1,2,'INGRESO','INGRESO AL MODULO USUARIOS'),(810,'2023-03-22 03:41:53',1,2,'INGRESO','INGRESO AL MODULO USUARIOS'),(811,'2023-03-22 03:41:58',1,2,'ACTUALIZAR','ACTUALIZACIÓN DE USUARIO'),(812,'2023-03-22 03:42:02',1,2,'ACTUALIZAR','ACTUALIZACIÓN DE USUARIO'),(813,'2023-03-22 03:42:31',1,2,'CERRAR SESION','USUARIO CERRO SESION'),(814,'2023-03-22 03:42:45',1,2,'INGRESO','INGRESO AL SISTEMA'),(815,'2023-03-22 03:42:46',1,2,'INGRESO','INGRESO AL MODULO USUARIOS'),(816,'2023-03-22 03:43:03',1,2,'ACTUALIZAR','ACTUALIZACIÓN DE USUARIO'),(817,'2023-03-22 03:43:12',1,2,'CERRAR SESION','USUARIO CERRO SESION'),(818,'2023-03-22 03:58:00',1,2,'INGRESO','INGRESO AL SISTEMA'),(819,'2023-03-22 09:42:29',1,2,'INGRESO','INGRESO AL MODULO USUARIOS'),(820,'2023-03-22 09:54:36',1,2,'CERRAR SESION','USUARIO CERRO SESION'),(821,'2023-03-22 09:54:43',1,2,'INGRESO','INGRESO AL SISTEMA'),(822,'2023-03-22 09:54:44',1,2,'INGRESO','INGRESO AL MODULO USUARIOS'),(823,'2023-03-22 10:14:33',1,2,'CERRAR SESIÓN','USUARIO CERRÓ SESIÓN'),(824,'2023-03-22 10:14:40',1,2,'INGRESO','INGRESO AL SISTEMA'),(825,'2023-03-22 10:14:42',1,2,'INGRESO','INGRESO AL MODULO USUARIOS'),(826,'2023-03-22 10:23:20',1,2,'INGRESO','INGRESO AL MODULO USUARIOS'),(827,'2023-03-22 10:23:24',1,2,'ELIMINAR','ELIMINACION DE USUARIO'),(828,'2023-03-22 10:23:40',1,2,'CREAR','CREACION DE USUARIO'),(829,'2023-03-22 10:24:17',1,2,'ELIMINAR','ELIMINACION DE USUARIO'),(830,'2023-03-22 10:34:59',1,2,'INGRESO','INGRESO AL MODULO USUARIOS'),(831,'2023-03-22 10:35:14',1,2,'ACTUALIZAR','ACTUALIZACIÓN DE USUARIO'),(832,'2023-03-22 10:35:24',1,2,'ACTUALIZAR','ACTUALIZACIÓN DE USUARIO'),(833,'2023-03-22 10:35:34',1,2,'ACTUALIZAR','ACTUALIZACIÓN DE USUARIO'),(834,'2023-03-22 10:35:53',1,2,'ACTUALIZAR','ACTUALIZACIÓN DE USUARIO'),(835,'2023-03-22 10:36:01',1,2,'ACTUALIZAR','ACTUALIZACIÓN DE USUARIO'),(836,'2023-03-22 11:31:48',1,2,'CREAR','CREACION DE USUARIO'),(837,'2023-03-22 11:32:00',1,2,'ACTUALIZAR','ACTUALIZACIÓN DE USUARIO'),(838,'2023-03-22 11:32:03',1,2,'CERRAR SESIÓN','USUARIO CERRÓ SESIÓN'),(839,'2023-03-22 11:53:03',1,2,'INGRESO','INGRESO AL SISTEMA'),(840,'2023-03-22 11:53:05',1,2,'INGRESO','INGRESO AL MODULO USUARIOS'),(841,'2023-03-22 11:53:36',1,2,'CREAR','CREACION DE USUARIO'),(842,'2023-03-22 11:53:47',1,2,'CREAR','CREACION DE USUARIO'),(843,'2023-03-22 11:54:07',1,2,'CREAR','CREACION DE USUARIO'),(844,'2023-03-22 11:54:09',1,2,'CERRAR SESIÓN','USUARIO CERRÓ SESIÓN'),(845,'2023-03-22 11:54:49',1,2,'INGRESO','INGRESO AL SISTEMA'),(846,'2023-03-22 11:54:51',1,2,'INGRESO','INGRESO AL MODULO USUARIOS'),(847,'2023-03-22 11:54:59',1,2,'CERRAR SESIÓN','USUARIO CERRÓ SESIÓN'),(848,'2023-03-22 11:58:22',1,2,'INGRESO','INGRESO AL SISTEMA'),(849,'2023-03-22 11:58:24',1,2,'INGRESO','INGRESO AL MODULO USUARIOS'),(850,'2023-03-22 11:59:58',1,2,'CREAR','CREACION DE USUARIO'),(851,'2023-03-22 12:00:01',1,2,'CERRAR SESIÓN','USUARIO CERRÓ SESIÓN'),(852,'2023-03-22 12:07:56',1,2,'INGRESO','INGRESO AL SISTEMA'),(853,'2023-03-22 12:07:58',1,2,'INGRESO','INGRESO AL MODULO USUARIOS'),(854,'2023-03-22 12:08:52',1,2,'INGRESO','INGRESO AL MODULO USUARIOS'),(855,'2023-03-22 12:09:06',1,2,'ACTUALIZAR','ACTUALIZACIÓN DE USUARIO'),(856,'2023-03-22 12:09:56',1,2,'INGRESO','INGRESO AL MODULO USUARIOS'),(857,'2023-03-22 12:10:01',1,2,'ELIMINAR','ELIMINACION DE USUARIO'),(858,'2023-03-22 12:10:25',1,2,'INGRESO','INGRESO AL MODULO USUARIOS'),(859,'2023-03-22 12:10:37',1,2,'CREAR','CREACION DE USUARIO'),(860,'2023-03-22 12:10:50',1,2,'CREAR','CREACION DE USUARIO'),(861,'2023-03-22 12:11:02',1,2,'CREAR','CREACION DE USUARIO'),(862,'2023-03-22 12:11:13',1,2,'INGRESO','INGRESO AL MÓDULO PREGUNTAS'),(863,'2023-03-22 12:11:23',1,2,'ACTUALIZAR','ACTUALIZACIÓN DE PREGUNTA'),(864,'2023-03-22 12:11:30',1,2,'CERRAR SESIÓN','USUARIO CERRÓ SESIÓN'),(865,'2023-03-22 12:23:46',1,2,'INGRESO','INGRESO AL SISTEMA'),(866,'2023-03-22 12:23:48',1,2,'INGRESO','INGRESO AL MODULO USUARIOS'),(867,'2023-03-22 12:24:15',1,2,'CREAR','CREACION DE USUARIO'),(868,'2023-03-22 12:24:28',1,2,'CREAR','CREACION DE USUARIO'),(869,'2023-03-22 12:24:30',1,2,'CERRAR SESIÓN','USUARIO CERRÓ SESIÓN'),(870,'2023-03-22 12:27:30',1,2,'INGRESO','INGRESO AL SISTEMA'),(871,'2023-03-22 12:27:32',1,2,'INGRESO','INGRESO AL MODULO USUARIOS'),(872,'2023-03-22 12:27:36',1,2,'ELIMINAR','ELIMINACION DE USUARIO'),(873,'2023-03-22 12:27:40',1,2,'ELIMINAR','ELIMINACION DE USUARIO'),(874,'2023-03-22 12:27:42',1,2,'ELIMINAR','ELIMINACION DE USUARIO'),(875,'2023-03-22 12:27:51',1,2,'ELIMINAR','ELIMINACION DE USUARIO'),(876,'2023-03-22 12:27:55',1,2,'ELIMINAR','ELIMINACION DE USUARIO');
/*!40000 ALTER TABLE `tbl_ms_bitacora` ENABLE KEYS */;
UNLOCK TABLES;

--
-- Table structure for table `tbl_ms_hist_contrasena`
--

DROP TABLE IF EXISTS `tbl_ms_hist_contrasena`;
/*!40101 SET @saved_cs_client     = @@character_set_client */;
/*!50503 SET character_set_client = utf8mb4 */;
CREATE TABLE `tbl_ms_hist_contrasena` (
  `id_usuario` bigint NOT NULL,
  `contrasena` varchar(100) DEFAULT NULL,
  `creado_por` varchar(15) DEFAULT NULL,
  `fecha_creacion` datetime DEFAULT NULL,
  `modificado_por` varchar(15) DEFAULT NULL,
  `fecha_modificacion` datetime DEFAULT NULL,
  PRIMARY KEY (`id_usuario`),
  CONSTRAINT `histContra_idUsuario` FOREIGN KEY (`id_usuario`) REFERENCES `tbl_ms_usuarios` (`id_usuario`)
) ENGINE=InnoDB DEFAULT CHARSET=utf8mb4 COLLATE=utf8mb4_0900_ai_ci;
/*!40101 SET character_set_client = @saved_cs_client */;

--
-- Dumping data for table `tbl_ms_hist_contrasena`
--

LOCK TABLES `tbl_ms_hist_contrasena` WRITE;
/*!40000 ALTER TABLE `tbl_ms_hist_contrasena` DISABLE KEYS */;
/*!40000 ALTER TABLE `tbl_ms_hist_contrasena` ENABLE KEYS */;
UNLOCK TABLES;

--
-- Table structure for table `tbl_ms_objetos`
--

DROP TABLE IF EXISTS `tbl_ms_objetos`;
/*!40101 SET @saved_cs_client     = @@character_set_client */;
/*!50503 SET character_set_client = utf8mb4 */;
CREATE TABLE `tbl_ms_objetos` (
  `id_objeto` bigint NOT NULL AUTO_INCREMENT,
  `objeto` varchar(50) CHARACTER SET utf8mb4 COLLATE utf8mb4_swedish_ci NOT NULL,
  `descripcion` text CHARACTER SET utf8mb4 COLLATE utf8mb4_swedish_ci NOT NULL,
  `estado` int NOT NULL DEFAULT '1',
  PRIMARY KEY (`id_objeto`)
) ENGINE=InnoDB AUTO_INCREMENT=12 DEFAULT CHARSET=utf8mb4 COLLATE=utf8mb4_swedish_ci;
/*!40101 SET character_set_client = @saved_cs_client */;

--
-- Dumping data for table `tbl_ms_objetos`
--

LOCK TABLES `tbl_ms_objetos` WRITE;
/*!40000 ALTER TABLE `tbl_ms_objetos` DISABLE KEYS */;
INSERT INTO `tbl_ms_objetos` VALUES (1,'INICIO','DASHBOARD',1),(2,'USUARIOS','Usuarios del sistema',1),(4,'PRODUCTOS','Todos los productos',1),(10,'PROMOCION','Promociones',1),(11,'DESCUENTO','DESCUENTOS',1);
/*!40000 ALTER TABLE `tbl_ms_objetos` ENABLE KEYS */;
UNLOCK TABLES;

--
-- Table structure for table `tbl_ms_parametros`
--

DROP TABLE IF EXISTS `tbl_ms_parametros`;
/*!40101 SET @saved_cs_client     = @@character_set_client */;
/*!50503 SET character_set_client = utf8mb4 */;
CREATE TABLE `tbl_ms_parametros` (
  `id_parametro` int NOT NULL AUTO_INCREMENT,
  `parametro` varchar(50) DEFAULT NULL,
  `valor` varchar(100) DEFAULT NULL,
  `creado_por` varchar(15) DEFAULT NULL,
  `fecha_creacion` datetime DEFAULT NULL,
  `modificado_por` varchar(15) DEFAULT NULL,
  `fecha_modificacion` datetime DEFAULT NULL,
  PRIMARY KEY (`id_parametro`)
) ENGINE=InnoDB AUTO_INCREMENT=11 DEFAULT CHARSET=utf8mb4 COLLATE=utf8mb4_0900_ai_ci;
/*!40101 SET character_set_client = @saved_cs_client */;

--
-- Dumping data for table `tbl_ms_parametros`
--

LOCK TABLES `tbl_ms_parametros` WRITE;
/*!40000 ALTER TABLE `tbl_ms_parametros` DISABLE KEYS */;
INSERT INTO `tbl_ms_parametros` VALUES (1,'ADMIN_INTENTOS','3',NULL,NULL,NULL,NULL),(2,'ADMIN_PREGUNTAS','2',NULL,NULL,NULL,NULL),(3,'ADMIN_CORREO','inversiones@gmail.com',NULL,NULL,NULL,NULL),(4,'FECHA_VENCIMIENTO','30',NULL,NULL,NULL,NULL);
/*!40000 ALTER TABLE `tbl_ms_parametros` ENABLE KEYS */;
UNLOCK TABLES;

--
-- Table structure for table `tbl_ms_permisos`
--

DROP TABLE IF EXISTS `tbl_ms_permisos`;
/*!40101 SET @saved_cs_client     = @@character_set_client */;
/*!50503 SET character_set_client = utf8mb4 */;
CREATE TABLE `tbl_ms_permisos` (
  `idpermiso` bigint NOT NULL AUTO_INCREMENT,
  `id_rol` bigint NOT NULL,
  `id_objeto` bigint NOT NULL,
  `r` int NOT NULL DEFAULT '0',
  `w` int NOT NULL DEFAULT '0',
  `u` int NOT NULL DEFAULT '0',
  `d` int NOT NULL DEFAULT '0',
  PRIMARY KEY (`idpermiso`),
  KEY `rolid` (`id_rol`),
  KEY `moduloid` (`id_objeto`),
  CONSTRAINT `tbl_ms_permisos_ibfk_1` FOREIGN KEY (`id_rol`) REFERENCES `tbl_ms_roles` (`id_rol`) ON DELETE CASCADE ON UPDATE CASCADE,
  CONSTRAINT `tbl_ms_permisos_ibfk_2` FOREIGN KEY (`id_objeto`) REFERENCES `tbl_ms_objetos` (`id_objeto`) ON DELETE CASCADE ON UPDATE CASCADE
) ENGINE=InnoDB AUTO_INCREMENT=235 DEFAULT CHARSET=utf8mb4 COLLATE=utf8mb4_swedish_ci;
/*!40101 SET character_set_client = @saved_cs_client */;

--
-- Dumping data for table `tbl_ms_permisos`
--

LOCK TABLES `tbl_ms_permisos` WRITE;
/*!40000 ALTER TABLE `tbl_ms_permisos` DISABLE KEYS */;
INSERT INTO `tbl_ms_permisos` VALUES (3,1,1,1,1,1,1),(4,1,2,1,1,1,1),(6,1,4,1,1,1,1),(39,3,1,1,0,0,0),(40,3,2,1,0,0,0),(42,3,4,0,0,0,0),(93,11,1,1,0,0,0),(94,11,2,0,0,0,0),(96,11,4,0,0,0,0),(219,4,1,1,0,0,0),(220,4,2,1,1,1,1),(222,4,4,1,0,0,0),(223,21,1,1,1,1,1),(224,21,2,1,1,1,1),(226,21,4,1,0,0,0),(231,2,1,0,0,0,0),(232,2,2,0,0,0,0),(234,2,4,0,0,0,0);
/*!40000 ALTER TABLE `tbl_ms_permisos` ENABLE KEYS */;
UNLOCK TABLES;

--
-- Table structure for table `tbl_ms_preguntas`
--

DROP TABLE IF EXISTS `tbl_ms_preguntas`;
/*!40101 SET @saved_cs_client     = @@character_set_client */;
/*!50503 SET character_set_client = utf8mb4 */;
CREATE TABLE `tbl_ms_preguntas` (
  `id_pregunta` int NOT NULL AUTO_INCREMENT,
  `pregunta` varchar(100) DEFAULT NULL,
  PRIMARY KEY (`id_pregunta`)
) ENGINE=InnoDB AUTO_INCREMENT=6 DEFAULT CHARSET=utf8mb4 COLLATE=utf8mb4_0900_ai_ci;
/*!40101 SET character_set_client = @saved_cs_client */;

--
-- Dumping data for table `tbl_ms_preguntas`
--

LOCK TABLES `tbl_ms_preguntas` WRITE;
/*!40000 ALTER TABLE `tbl_ms_preguntas` DISABLE KEYS */;
INSERT INTO `tbl_ms_preguntas` VALUES (3,'CANCION FAVORITA'),(4,'COMIDA FAVORITA');
/*!40000 ALTER TABLE `tbl_ms_preguntas` ENABLE KEYS */;
UNLOCK TABLES;

--
-- Table structure for table `tbl_ms_preguntas_usuario`
--

DROP TABLE IF EXISTS `tbl_ms_preguntas_usuario`;
/*!40101 SET @saved_cs_client     = @@character_set_client */;
/*!50503 SET character_set_client = utf8mb4 */;
CREATE TABLE `tbl_ms_preguntas_usuario` (
  `id_pregunta` int NOT NULL,
  `id_usuario` bigint NOT NULL,
  `respuesta` varchar(100) DEFAULT NULL,
  KEY `preguntaUsuario_idUsuario_idx` (`id_usuario`),
  CONSTRAINT `preguntaUsuario_idUsuario` FOREIGN KEY (`id_usuario`) REFERENCES `tbl_ms_usuarios` (`id_usuario`)
) ENGINE=InnoDB DEFAULT CHARSET=utf8mb4 COLLATE=utf8mb4_0900_ai_ci;
/*!40101 SET character_set_client = @saved_cs_client */;

--
-- Dumping data for table `tbl_ms_preguntas_usuario`
--

LOCK TABLES `tbl_ms_preguntas_usuario` WRITE;
/*!40000 ALTER TABLE `tbl_ms_preguntas_usuario` DISABLE KEYS */;
/*!40000 ALTER TABLE `tbl_ms_preguntas_usuario` ENABLE KEYS */;
UNLOCK TABLES;

--
-- Table structure for table `tbl_ms_roles`
--

DROP TABLE IF EXISTS `tbl_ms_roles`;
/*!40101 SET @saved_cs_client     = @@character_set_client */;
/*!50503 SET character_set_client = utf8mb4 */;
CREATE TABLE `tbl_ms_roles` (
  `id_rol` bigint NOT NULL AUTO_INCREMENT,
  `nombrerol` varchar(50) CHARACTER SET utf8mb4 COLLATE utf8mb4_swedish_ci NOT NULL,
  `descripcion` text CHARACTER SET utf8mb4 COLLATE utf8mb4_swedish_ci NOT NULL,
  `estado` int NOT NULL DEFAULT '1',
  PRIMARY KEY (`id_rol`)
) ENGINE=InnoDB AUTO_INCREMENT=23 DEFAULT CHARSET=utf8mb4 COLLATE=utf8mb4_swedish_ci;
/*!40101 SET character_set_client = @saved_cs_client */;

--
-- Dumping data for table `tbl_ms_roles`
--

LOCK TABLES `tbl_ms_roles` WRITE;
/*!40000 ALTER TABLE `tbl_ms_roles` DISABLE KEYS */;
INSERT INTO `tbl_ms_roles` VALUES (1,'ADMINISTRADOR','Acceso a todo el sistema',1),(2,'DEFAULT','Rol por defecto',1),(3,'Clientes de todo','Clientes en general',0),(4,'VENDEDOR','Operador de tienda',1),(5,'prueba','fddfd',0),(6,'prueba2','gg',0),(7,'prueba33','d',0),(8,'prueba4','f',0),(9,'nuevo1','dch',0),(10,'prueba555','gggggg',0),(11,'Nuevo de prueba','sf',0),(12,'probar cambio','sddd',0),(13,'prueba44','f',0),(14,'prueba4446','d',0),(15,'Nueva Prueba','sssss',0),(16,'rrrr','rf',0),(17,'gu','f',0),(18,'fff','fffd',0),(19,'rrr','rr',0),(20,'j','j',0),(21,'www','www',0),(22,'CONTABILIDAD','rrr',0);
/*!40000 ALTER TABLE `tbl_ms_roles` ENABLE KEYS */;
UNLOCK TABLES;

--
-- Table structure for table `tbl_ms_usuarios`
--

DROP TABLE IF EXISTS `tbl_ms_usuarios`;
/*!40101 SET @saved_cs_client     = @@character_set_client */;
/*!50503 SET character_set_client = utf8mb4 */;
CREATE TABLE `tbl_ms_usuarios` (
  `id_usuario` bigint NOT NULL AUTO_INCREMENT,
  `usuario` varchar(30) CHARACTER SET utf8mb4 COLLATE utf8mb4_swedish_ci DEFAULT NULL,
  `nombre_usuario` varchar(80) CHARACTER SET utf8mb4 COLLATE utf8mb4_swedish_ci NOT NULL,
  `estado` int NOT NULL DEFAULT '1',
  `contrasena` varchar(75) CHARACTER SET utf8mb4 COLLATE utf8mb4_swedish_ci NOT NULL,
  `fecha_ultima_conexion` datetime DEFAULT NULL,
  `preguntas_contestadas` int DEFAULT '0',
  `primer_ingreso` int DEFAULT NULL,
  `fecha_vencimiento` datetime DEFAULT NULL,
  `correo_electronico` varchar(100) CHARACTER SET utf8mb4 COLLATE utf8mb4_swedish_ci NOT NULL,
  `token` varchar(100) CHARACTER SET utf8mb4 COLLATE utf8mb4_swedish_ci DEFAULT NULL,
  `creado_por` varchar(15) CHARACTER SET utf8mb4 COLLATE utf8mb4_swedish_ci DEFAULT NULL,
  `fecha_creacion` datetime NOT NULL DEFAULT CURRENT_TIMESTAMP,
  `modificado_por` varchar(15) CHARACTER SET utf8mb4 COLLATE utf8mb4_swedish_ci DEFAULT NULL,
  `fecha_modificacion` datetime DEFAULT NULL,
  `id_rol` bigint NOT NULL,
  PRIMARY KEY (`id_usuario`),
  KEY `rolid` (`id_rol`),
  CONSTRAINT `tbl_ms_usuarios_ibfk_1` FOREIGN KEY (`id_rol`) REFERENCES `tbl_ms_roles` (`id_rol`) ON DELETE CASCADE ON UPDATE CASCADE
) ENGINE=InnoDB AUTO_INCREMENT=189 DEFAULT CHARSET=utf8mb4 COLLATE=utf8mb4_swedish_ci;
/*!40101 SET character_set_client = @saved_cs_client */;

--
-- Dumping data for table `tbl_ms_usuarios`
--

LOCK TABLES `tbl_ms_usuarios` WRITE;
/*!40000 ALTER TABLE `tbl_ms_usuarios` DISABLE KEYS */;
INSERT INTO `tbl_ms_usuarios` VALUES (1,'ADMIN','ADMINISTRADOR',1,'8d969eef6ecad3c29a3a629280e686cf0c3f5d5a86aff3ca12020c923adc6c92','2023-03-22 12:27:30',0,NULL,NULL,'admin@atlantico.com','733464113f1d79251461-4ff19d069fb2ec635522-a12faeec9a0c21dd0b33-435908728e5136f3ae80',NULL,'2021-08-20 01:34:15','ADMIN','2023-03-13 02:40:34',1),(19,'ALEXANDER','ALEXANDER AGUILAR',2,'3ea87a56da3844b420ec2925ae922bc731ec16a4fc44dcbeafdad49b0e61d39c',NULL,0,NULL,NULL,'alex@hotmail.com',NULL,NULL,'2023-02-04 01:16:01','ADMIN','2023-03-22 10:36:01',4),(20,'ERIKA','ERIKA AYALA',2,'18ac3e7343f016890c510e93f935261169d9e3f565436429830faf0934f4f8e4',NULL,0,NULL,NULL,'erika3@gmail.com',NULL,NULL,'2023-02-08 21:40:58','ADMIN','2023-03-22 10:35:34',2),(104,'HECTOR','HECTOR BUSTILLO',2,'3ea87a56da3844b420ec2925ae922bc731ec16a4fc44dcbeafdad49b0e61d39c',NULL,2,NULL,NULL,'hector@hotmail.com',NULL,'ADMIN','2023-03-08 15:22:09','ADMIN','2023-03-22 10:35:24',1),(136,'JORGE','JORGE ROMERO',1,'0a5bc3e342432f1bad92ffd51b785343ec72906cdba6a26131060b008e786656',NULL,2,NULL,NULL,'jorge@gmail.com','','ADMIN','2023-03-15 20:49:18','ADMIN','2023-03-22 10:35:14',1),(162,'DORCA','DORCA AGUILAR',2,'3ea87a56da3844b420ec2925ae922bc731ec16a4fc44dcbeafdad49b0e61d39c','2023-03-20 10:55:49',2,NULL,NULL,'dorcaaguilar@gmail.com',NULL,'ADMIN','2023-03-16 21:25:14','ADMIN','2023-03-22 10:35:53',1);
/*!40000 ALTER TABLE `tbl_ms_usuarios` ENABLE KEYS */;
UNLOCK TABLES;

--
-- Table structure for table `tbl_produccion`
--

DROP TABLE IF EXISTS `tbl_produccion`;
/*!40101 SET @saved_cs_client     = @@character_set_client */;
/*!50503 SET character_set_client = utf8mb4 */;
CREATE TABLE `tbl_produccion` (
  `cod_produccion` int NOT NULL AUTO_INCREMENT,
  `fecha` datetime DEFAULT NULL,
  `id_usuario` int DEFAULT NULL,
  PRIMARY KEY (`cod_produccion`),
  KEY `P_Cod_Producto_idx` (`id_usuario`),
  CONSTRAINT `Produccion_CodProducto` FOREIGN KEY (`id_usuario`) REFERENCES `tbl_producto` (`cod_producto`)
) ENGINE=InnoDB AUTO_INCREMENT=88 DEFAULT CHARSET=utf8mb4 COLLATE=utf8mb4_0900_ai_ci;
/*!40101 SET character_set_client = @saved_cs_client */;

--
-- Dumping data for table `tbl_produccion`
--

LOCK TABLES `tbl_produccion` WRITE;
/*!40000 ALTER TABLE `tbl_produccion` DISABLE KEYS */;
/*!40000 ALTER TABLE `tbl_produccion` ENABLE KEYS */;
UNLOCK TABLES;

--
-- Table structure for table `tbl_producto`
--

DROP TABLE IF EXISTS `tbl_producto`;
/*!40101 SET @saved_cs_client     = @@character_set_client */;
/*!50503 SET character_set_client = utf8mb4 */;
CREATE TABLE `tbl_producto` (
  `cod_producto` int NOT NULL AUTO_INCREMENT,
  `nombre_producto` varchar(30) DEFAULT NULL,
  `descripcion` varchar(255) DEFAULT NULL,
  `cantidad_minima` int DEFAULT NULL,
  `cantidad_maxima` int DEFAULT NULL,
  `cod_tipo_producto` int DEFAULT NULL,
  `precio_venta` decimal(8,2) DEFAULT NULL,
  `estado` int DEFAULT '1',
  `foto` text,
  `creado_por` varchar(15) DEFAULT NULL,
  `fecha_creacion` datetime DEFAULT NULL,
  `modificado_por` varchar(15) DEFAULT NULL,
  `fecha_modificacion` datetime DEFAULT NULL,
  `existencia` int DEFAULT NULL,
  PRIMARY KEY (`cod_producto`),
  KEY `TBL_TIPO_PRODUCTO_COD_TIPO_PRODUCTO_idx` (`cod_tipo_producto`),
  CONSTRAINT `Producto_CodTipoProducto` FOREIGN KEY (`cod_tipo_producto`) REFERENCES `tbl_tipo_producto` (`cod_tipo_producto`)
) ENGINE=InnoDB AUTO_INCREMENT=15 DEFAULT CHARSET=utf8mb4 COLLATE=utf8mb4_0900_ai_ci;
/*!40101 SET character_set_client = @saved_cs_client */;

--
-- Dumping data for table `tbl_producto`
--

LOCK TABLES `tbl_producto` WRITE;
/*!40000 ALTER TABLE `tbl_producto` DISABLE KEYS */;
INSERT INTO `tbl_producto` VALUES (12,'TELA','TELA BLANCA',200,30,3,30.00,1,NULL,NULL,NULL,NULL,NULL,120),(13,'PINTURA','ROJA',10,100,3,20.00,1,NULL,NULL,NULL,NULL,NULL,35);
/*!40000 ALTER TABLE `tbl_producto` ENABLE KEYS */;
UNLOCK TABLES;

--
-- Table structure for table `tbl_promocion`
--

DROP TABLE IF EXISTS `tbl_promocion`;
/*!40101 SET @saved_cs_client     = @@character_set_client */;
/*!50503 SET character_set_client = utf8mb4 */;
CREATE TABLE `tbl_promocion` (
  `cod_promocion` int NOT NULL AUTO_INCREMENT,
  `nombre_promocion` varchar(100) DEFAULT NULL,
  `fecha_inicio` datetime DEFAULT NULL,
  `fecha_final` datetime DEFAULT NULL,
  `precio_venta` decimal(8,2) DEFAULT NULL,
  PRIMARY KEY (`cod_promocion`)
) ENGINE=InnoDB AUTO_INCREMENT=2 DEFAULT CHARSET=utf8mb4 COLLATE=utf8mb4_0900_ai_ci;
/*!40101 SET character_set_client = @saved_cs_client */;

--
-- Dumping data for table `tbl_promocion`
--

LOCK TABLES `tbl_promocion` WRITE;
/*!40000 ALTER TABLE `tbl_promocion` DISABLE KEYS */;
/*!40000 ALTER TABLE `tbl_promocion` ENABLE KEYS */;
UNLOCK TABLES;

--
-- Table structure for table `tbl_promocion_producto`
--

DROP TABLE IF EXISTS `tbl_promocion_producto`;
/*!40101 SET @saved_cs_client     = @@character_set_client */;
/*!50503 SET character_set_client = utf8mb4 */;
CREATE TABLE `tbl_promocion_producto` (
  `id_promocion_producto` int NOT NULL AUTO_INCREMENT,
  `cod_promocion` int DEFAULT NULL,
  `cod_producto` int DEFAULT NULL,
  `cantidad` int DEFAULT NULL,
  PRIMARY KEY (`id_promocion_producto`),
  KEY `promocion_producto_idx` (`cod_promocion`),
  KEY `promocionProducto_Producto_idx` (`cod_producto`),
  CONSTRAINT `promocionProducto_Producto` FOREIGN KEY (`cod_producto`) REFERENCES `tbl_producto` (`cod_producto`),
  CONSTRAINT `promocionProducto_Promocion` FOREIGN KEY (`cod_promocion`) REFERENCES `tbl_promocion` (`cod_promocion`)
) ENGINE=InnoDB DEFAULT CHARSET=utf8mb4 COLLATE=utf8mb4_0900_ai_ci;
/*!40101 SET character_set_client = @saved_cs_client */;

--
-- Dumping data for table `tbl_promocion_producto`
--

LOCK TABLES `tbl_promocion_producto` WRITE;
/*!40000 ALTER TABLE `tbl_promocion_producto` DISABLE KEYS */;
/*!40000 ALTER TABLE `tbl_promocion_producto` ENABLE KEYS */;
UNLOCK TABLES;

--
-- Table structure for table `tbl_resultado_produccion`
--

DROP TABLE IF EXISTS `tbl_resultado_produccion`;
/*!40101 SET @saved_cs_client     = @@character_set_client */;
/*!50503 SET character_set_client = utf8mb4 */;
CREATE TABLE `tbl_resultado_produccion` (
  `id_resultado_produccion` int NOT NULL AUTO_INCREMENT,
  `cod_producto` int DEFAULT NULL,
  `cantidad` int DEFAULT NULL,
  `descripcion` varchar(100) DEFAULT NULL,
  PRIMARY KEY (`id_resultado_produccion`),
  KEY `ResultadoProduccion_idProducto_idx` (`cod_producto`),
  CONSTRAINT `ResultadoProduccion_idProducto` FOREIGN KEY (`cod_producto`) REFERENCES `tbl_producto` (`cod_producto`)
) ENGINE=InnoDB DEFAULT CHARSET=utf8mb4 COLLATE=utf8mb4_0900_ai_ci;
/*!40101 SET character_set_client = @saved_cs_client */;

--
-- Dumping data for table `tbl_resultado_produccion`
--

LOCK TABLES `tbl_resultado_produccion` WRITE;
/*!40000 ALTER TABLE `tbl_resultado_produccion` DISABLE KEYS */;
/*!40000 ALTER TABLE `tbl_resultado_produccion` ENABLE KEYS */;
UNLOCK TABLES;

--
-- Table structure for table `tbl_tipo_inventario`
--

DROP TABLE IF EXISTS `tbl_tipo_inventario`;
/*!40101 SET @saved_cs_client     = @@character_set_client */;
/*!50503 SET character_set_client = utf8mb4 */;
CREATE TABLE `tbl_tipo_inventario` (
  `cod_tipo_inventario` int NOT NULL AUTO_INCREMENT,
  `nombre_tipo_inventario` char(15) DEFAULT NULL,
  PRIMARY KEY (`cod_tipo_inventario`)
) ENGINE=InnoDB AUTO_INCREMENT=2 DEFAULT CHARSET=utf8mb4 COLLATE=utf8mb4_0900_ai_ci;
/*!40101 SET character_set_client = @saved_cs_client */;

--
-- Dumping data for table `tbl_tipo_inventario`
--

LOCK TABLES `tbl_tipo_inventario` WRITE;
/*!40000 ALTER TABLE `tbl_tipo_inventario` DISABLE KEYS */;
/*!40000 ALTER TABLE `tbl_tipo_inventario` ENABLE KEYS */;
UNLOCK TABLES;

--
-- Table structure for table `tbl_tipo_movimiento`
--

DROP TABLE IF EXISTS `tbl_tipo_movimiento`;
/*!40101 SET @saved_cs_client     = @@character_set_client */;
/*!50503 SET character_set_client = utf8mb4 */;
CREATE TABLE `tbl_tipo_movimiento` (
  `cod_tipo_movimiento` int NOT NULL AUTO_INCREMENT,
  `nombre_movimiento` varchar(7) DEFAULT NULL,
  PRIMARY KEY (`cod_tipo_movimiento`)
) ENGINE=InnoDB AUTO_INCREMENT=2 DEFAULT CHARSET=utf8mb4 COLLATE=utf8mb4_0900_ai_ci;
/*!40101 SET character_set_client = @saved_cs_client */;

--
-- Dumping data for table `tbl_tipo_movimiento`
--

LOCK TABLES `tbl_tipo_movimiento` WRITE;
/*!40000 ALTER TABLE `tbl_tipo_movimiento` DISABLE KEYS */;
INSERT INTO `tbl_tipo_movimiento` VALUES (1,'ENTRADA');
/*!40000 ALTER TABLE `tbl_tipo_movimiento` ENABLE KEYS */;
UNLOCK TABLES;

--
-- Table structure for table `tbl_tipo_producto`
--

DROP TABLE IF EXISTS `tbl_tipo_producto`;
/*!40101 SET @saved_cs_client     = @@character_set_client */;
/*!50503 SET character_set_client = utf8mb4 */;
CREATE TABLE `tbl_tipo_producto` (
  `cod_tipo_producto` int NOT NULL AUTO_INCREMENT,
  `nombre_tipo_producto` varchar(30) DEFAULT NULL,
  PRIMARY KEY (`cod_tipo_producto`)
) ENGINE=InnoDB AUTO_INCREMENT=5 DEFAULT CHARSET=utf8mb4 COLLATE=utf8mb4_0900_ai_ci;
/*!40101 SET character_set_client = @saved_cs_client */;

--
-- Dumping data for table `tbl_tipo_producto`
--

LOCK TABLES `tbl_tipo_producto` WRITE;
/*!40000 ALTER TABLE `tbl_tipo_producto` DISABLE KEYS */;
INSERT INTO `tbl_tipo_producto` VALUES (3,'INSUMO'),(4,'PRODUCTO TERMINADO');
/*!40000 ALTER TABLE `tbl_tipo_producto` ENABLE KEYS */;
UNLOCK TABLES;
/*!40103 SET TIME_ZONE=@OLD_TIME_ZONE */;

/*!40101 SET SQL_MODE=@OLD_SQL_MODE */;
/*!40014 SET FOREIGN_KEY_CHECKS=@OLD_FOREIGN_KEY_CHECKS */;
/*!40014 SET UNIQUE_CHECKS=@OLD_UNIQUE_CHECKS */;
/*!40101 SET CHARACTER_SET_CLIENT=@OLD_CHARACTER_SET_CLIENT */;
/*!40101 SET CHARACTER_SET_RESULTS=@OLD_CHARACTER_SET_RESULTS */;
/*!40101 SET COLLATION_CONNECTION=@OLD_COLLATION_CONNECTION */;
/*!40111 SET SQL_NOTES=@OLD_SQL_NOTES */;

-- Dump completed on 2023-03-22 12:28:45